temperature,humidity,milk_yield,weight,heart_rate,activity_level,disease_label
41.03,100.0,11.52,421.81,73.19,45.06,1
38.44,53.38,21.55,502.82,65.35,80.88,0
40.64,96.33,6.05,363.97,93.16,53.2,1
38.52,73.14,25.18,495.18,57.57,77.3,0
39.79,72.79,8.95,433.2,77.26,63.39,1
39.66,70.05,8.8,347.95,75.47,49.4,1
38.6,50.09,23.51,471.25,64.86,71.56,0
39.95,63.57,8.76,373.37,103.51,69.35,1
39.04,48.69,24.66,429.69,59.58,72.82,0
39.95,77.86,9.5,421.08,84.38,59.24,1
38.16,73.38,20.26,480.29,72.35,75.6,0
39.42,76.97,6.26,533.87,74.12,54.13,1
38.58,55.53,25.84,508.91,71.23,68.28,0
38.57,60.66,17.04,460.85,72.21,87.75,0
39.36,63.73,20.53,494.23,70.75,73.63,0
38.68,65.19,16.11,527.68,68.5,75.68,0
38.57,63.02,19.88,478.11,78.18,67.36,0
38.54,50.32,28.17,432.01,61.55,68.47,0
38.68,84.65,11.53,440.29,97.7,53.76,1
40.02,83.63,7.5,443.76,88.87,54.79,1
37.94,70.48,19.8,399.13,67.15,82.49,0
40.34,87.89,6.27,358.59,84.5,41.22,1
39.5,87.56,4.36,462.75,80.5,36.59,1
39.33,52.15,21.81,452.02,60.5,69.78,0
39.05,80.78,13.82,466.67,91.57,41.61,1
38.41,62.57,23.02,471.09,71.02,69.26,0
38.06,62.08,18.8,352.93,70.43,69.21,0
38.46,72.64,19.87,511.67,68.54,76.56,0
38.61,69.51,28.84,492.97,64.23,82.12,0
38.38,77.68,21.0,454.69,62.75,70.3,0
38.52,59.21,20.47,491.06,64.14,70.27,0
39.24,58.21,19.11,494.81,59.15,60.65,0
38.63,55.02,17.9,460.63,62.52,92.14,0
38.8,65.11,23.08,490.62,69.49,72.14,0
38.36,46.19,21.09,470.75,55.98,77.74,0
38.47,64.64,20.36,450.48,63.17,72.82,0
39.77,77.59,13.55,456.84,90.08,31.01,1
38.03,67.5,8.79,441.81,74.92,48.83,1
39.1,65.33,25.46,514.46,63.91,79.47,0
37.89,64.52,20.03,465.38,61.92,71.91,0
38.73,60.52,24.77,455.12,70.24,87.24,0
39.89,87.07,11.77,442.42,74.14,43.61,1
38.87,73.62,26.56,499.75,69.76,72.14,0
38.6,48.34,19.12,494.38,68.12,75.83,0
40.51,94.26,11.09,422.85,92.95,46.84,1
38.32,35.84,22.85,443.98,76.58,80.99,0
38.15,75.2,18.61,534.26,63.74,78.93,0
38.94,71.62,21.14,480.05,67.16,74.23,0
38.64,68.73,25.22,521.18,83.38,79.61,0
39.57,71.73,10.99,381.86,78.6,24.62,1
39.85,79.5,10.98,449.56,79.82,32.44,1
38.24,64.69,17.78,461.48,67.89,80.14,0
39.53,73.91,11.69,391.24,82.81,33.02,1
38.88,63.65,21.4,445.74,68.04,71.19,0
39.37,64.83,22.0,477.22,77.49,67.88,0
39.72,64.38,10.31,453.88,74.52,38.59,1
40.22,87.53,11.74,410.24,89.87,55.57,1
40.42,83.35,6.96,450.29,69.89,32.44,1
38.87,62.75,27.76,412.37,77.96,80.84,0
39.11,54.02,19.59,555.62,57.63,84.0,0
40.56,74.11,15.96,482.59,75.8,38.06,1
38.87,46.53,22.7,477.28,65.59,69.78,0
39.5,87.44,9.25,447.18,84.36,55.91,1
38.42,71.38,17.21,460.68,66.25,81.92,0
39.59,75.01,12.32,401.46,90.48,50.67,1
39.84,75.79,7.79,448.41,79.12,24.28,1
38.85,57.87,22.23,516.76,77.71,91.73,0
39.93,80.42,14.25,387.7,70.69,31.98,1
38.49,66.54,23.64,427.37,74.63,64.88,0
40.08,67.76,17.97,404.9,82.4,26.78,1
40.41,67.75,8.66,391.12,68.35,27.61,1
38.29,60.49,18.87,435.06,69.84,73.99,0
38.7,87.98,10.41,476.03,90.0,31.71,1
38.28,49.98,13.21,508.14,61.09,76.14,0
39.55,71.0,17.11,508.63,60.75,55.92,0
38.1,57.02,27.89,469.49,71.45,71.07,0
39.36,69.31,3.88,422.92,88.72,28.35,1
38.68,64.13,24.68,422.69,54.3,65.94,0
38.54,47.5,20.45,560.61,64.17,68.43,0
39.94,93.84,9.0,443.46,98.08,47.95,1
38.24,69.89,21.37,493.55,65.39,71.02,0
38.69,67.0,19.86,426.67,67.78,72.66,0
39.61,48.57,11.21,440.15,92.79,34.24,1
39.96,87.56,8.15,451.37,84.97,46.1,1
39.44,68.29,11.35,368.74,89.73,61.15,1
39.74,66.76,18.22,434.35,70.23,34.43,1
39.89,67.31,7.87,478.12,92.91,60.75,1
39.73,67.99,22.88,464.47,64.12,73.05,0
38.76,57.02,21.09,487.02,68.68,76.49,0
41.03,100.0,6.04,429.44,97.95,39.22,1
40.59,77.43,11.25,437.63,83.55,45.07,1
39.9,73.54,12.43,368.26,82.91,46.38,1
38.73,70.63,23.95,440.25,75.99,82.87,0
38.62,69.67,18.06,508.42,62.39,65.93,0
39.88,86.72,4.03,425.47,98.23,40.49,1
39.64,89.46,7.45,370.32,94.91,20.76,1
38.95,74.2,19.87,488.43,68.55,72.24,0
40.24,85.85,13.77,388.86,84.52,38.27,1
40.25,70.78,12.93,369.72,80.79,47.1,1
40.61,76.69,14.93,396.03,88.95,66.13,1
38.74,58.17,21.84,463.3,70.25,66.29,0
38.23,49.09,21.77,393.14,68.7,83.59,0
37.8,66.82,20.9,512.09,72.79,71.27,0
39.93,72.57,8.44,300.0,66.52,30.82,1
38.84,65.88,23.19,467.59,69.92,77.88,0
38.98,56.4,23.66,522.16,65.51,61.98,0
38.18,58.95,25.6,384.32,68.17,55.97,0
39.01,66.03,18.72,424.17,71.55,86.12,0
38.48,61.17,25.98,458.48,65.38,82.7,0
37.51,52.58,22.97,419.24,66.35,75.66,0
38.28,36.48,23.82,458.16,65.33,75.27,0
39.65,64.67,12.66,469.88,66.1,50.1,1
38.32,64.68,20.16,485.14,62.02,71.69,0
40.48,75.91,13.23,515.26,93.05,48.15,1
38.78,61.79,22.94,507.21,71.88,76.26,0
37.65,51.87,18.39,606.08,67.0,70.88,0
38.44,62.0,22.15,503.12,73.3,72.62,0
38.24,61.21,27.42,456.62,63.82,84.31,0
38.84,52.98,20.6,567.36,70.59,64.17,0
39.36,54.35,3.18,385.3,78.39,27.07,1
40.5,80.11,10.09,461.61,100.98,49.86,1
38.01,60.11,23.72,500.93,58.48,62.43,0
38.08,58.53,21.82,460.64,53.5,73.81,0
39.11,61.01,23.52,529.39,74.61,66.79,0
39.23,67.23,19.22,510.04,65.04,69.68,0
39.81,74.24,9.01,314.56,83.18,42.68,1
38.46,70.38,23.23,440.33,73.96,65.34,0
38.73,55.93,21.01,496.83,74.28,63.19,0
38.63,54.8,17.56,490.57,70.59,82.93,0
38.59,60.54,21.9,492.44,65.48,73.03,0
39.19,76.8,11.57,412.16,86.63,36.66,1
39.26,89.94,7.97,462.29,85.73,29.66,1
38.71,64.97,23.3,453.84,66.17,66.99,0
38.14,74.71,24.96,546.25,59.27,68.58,0
38.54,53.66,22.67,444.83,66.93,56.2,0
41.67,68.49,7.4,460.13,84.87,20.06,1
39.85,89.57,5.67,412.27,81.38,44.28,1
39.76,84.64,13.96,362.68,66.25,70.96,1
40.31,88.64,5.75,393.76,81.26,22.53,1
40.43,58.1,8.28,411.32,101.78,42.23,1
38.63,65.31,11.13,405.1,70.88,24.3,1
39.01,65.57,22.43,533.02,62.85,68.52,0
39.18,84.04,9.01,407.56,86.78,50.11,1
39.12,63.12,19.29,513.72,68.04,90.47,0
39.58,83.69,4.98,398.1,54.81,42.22,1
38.76,58.21,24.61,470.28,65.31,79.63,0
39.53,68.0,27.2,489.35,72.88,70.64,0
41.27,68.08,2.74,426.08,101.78,27.24,1
38.24,55.34,22.93,423.08,70.69,55.1,0
38.82,60.45,22.53,519.82,76.32,74.08,0
38.95,90.09,7.16,433.73,78.12,25.21,1
38.6,46.85,21.59,470.76,63.12,80.62,0
38.79,54.25,13.5,460.73,58.12,93.92,0
38.1,56.69,19.55,436.19,69.2,71.68,0
38.26,67.64,22.07,423.73,68.23,81.86,0
39.12,57.3,21.11,475.12,70.72,65.82,0
38.64,64.09,19.15,519.61,65.3,72.76,0
39.63,72.05,14.13,440.66,91.1,65.26,1
39.41,66.08,22.87,456.6,76.42,62.65,0
38.56,70.04,13.13,425.56,72.2,44.41,1
39.0,51.15,18.19,474.71,75.58,76.93,0
38.49,68.48,18.16,457.88,64.09,78.09,0
38.47,63.8,18.03,481.58,63.88,69.19,0
38.91,54.97,24.88,440.22,74.84,69.06,0
39.57,92.62,8.66,425.51,103.06,52.79,1
41.07,55.84,11.83,425.2,91.78,79.45,1
40.02,88.1,10.9,427.48,74.54,34.0,1
39.29,63.58,9.72,431.9,84.13,35.76,1
38.95,64.45,18.59,496.81,71.67,76.01,0
38.77,83.27,15.34,425.25,74.74,27.54,1
38.94,63.52,23.51,520.29,74.26,71.51,0
39.01,53.55,21.25,494.56,73.49,70.6,0
38.95,86.81,11.44,426.35,84.26,55.29,1
39.63,83.09,13.31,352.24,86.64,62.5,1
38.05,47.49,20.09,423.78,62.61,74.21,0
40.08,74.67,5.53,386.22,87.28,45.52,1
38.65,54.99,18.69,453.33,76.22,75.46,0
39.19,77.75,9.41,449.29,89.48,34.52,1
38.49,55.06,19.25,513.83,61.41,64.22,0
39.76,69.14,8.26,389.8,82.95,43.2,1
39.75,81.59,12.27,432.78,104.01,45.11,1
38.93,64.1,25.99,463.83,64.38,71.63,0
39.53,84.94,10.43,473.43,71.68,41.45,1
38.59,61.66,23.01,397.99,70.34,89.2,0
38.31,53.46,24.49,464.6,66.11,80.56,0
38.28,65.1,21.1,499.79,71.19,86.47,0
40.53,56.85,13.51,307.9,83.4,33.73,1
39.3,93.9,8.99,355.22,79.66,34.62,1
38.54,45.23,25.21,469.38,70.69,76.26,0
39.13,76.63,4.54,389.4,90.07,6.79,1
38.85,54.33,20.76,440.58,70.67,82.3,0
39.08,69.57,19.91,424.39,62.11,72.1,0
39.65,78.54,9.1,350.36,76.58,37.56,1
38.59,66.53,23.39,458.87,74.27,72.09,0
37.79,47.55,19.93,462.75,70.4,68.11,0
38.22,43.03,18.69,441.96,69.36,73.65,0
38.08,84.88,17.88,474.85,66.06,71.9,0
38.27,53.45,22.44,491.55,63.97,88.55,0
38.75,59.12,23.26,471.66,78.41,78.73,0
40.95,72.43,10.93,430.23,96.0,38.92,1
41.52,77.33,2.57,508.59,73.85,44.9,1
37.85,55.71,21.65,444.77,65.41,72.29,0
38.64,47.09,21.85,449.61,57.57,64.44,0
38.62,44.17,20.55,479.21,64.27,79.55,0
38.63,58.56,27.5,476.84,69.8,77.92,0
38.57,72.86,24.82,495.19,64.57,75.42,0
39.06,72.68,3.61,405.6,76.27,26.05,1
39.98,76.78,9.8,413.54,72.87,28.31,1
37.8,51.43,25.07,461.15,59.03,75.94,0
37.93,63.31,21.87,481.88,67.93,72.8,0
41.36,90.3,8.71,488.37,91.35,37.75,1
38.02,52.63,18.29,492.5,61.25,94.1,0
38.25,70.1,23.84,513.98,64.43,72.48,0
38.16,60.26,19.6,487.24,68.96,74.82,0
38.92,57.33,24.57,425.38,70.67,73.83,0
39.87,77.88,5.1,333.9,94.42,47.75,1
38.01,60.4,19.56,481.36,60.1,70.11,0
38.49,58.19,21.78,456.77,63.65,58.38,0
39.12,62.39,23.45,460.77,69.45,64.72,0
39.42,85.89,7.03,406.83,86.97,39.05,1
38.28,63.51,24.74,486.72,67.28,68.74,0
38.15,49.22,20.18,473.43,71.56,63.55,0
38.96,54.46,22.6,466.28,65.21,60.66,0
38.4,67.12,28.29,491.64,76.37,71.88,0
39.56,76.33,8.38,414.95,77.23,58.81,1
39.69,62.31,13.28,429.0,86.8,35.49,1
38.79,68.24,21.18,366.44,66.72,64.28,0
37.93,54.66,23.71,522.61,66.04,70.3,0
40.45,66.99,10.88,370.3,76.86,14.51,1
38.97,41.1,21.91,397.4,58.77,67.78,0
40.7,92.78,4.84,396.25,79.62,32.31,1
39.43,64.31,24.11,464.0,67.71,84.59,0
39.35,72.23,2.53,406.03,65.5,30.4,1
41.07,81.77,5.08,407.84,106.49,32.03,1
39.92,75.34,7.11,391.68,94.44,26.36,1
38.31,55.18,14.41,463.51,72.54,75.25,0
38.55,55.2,26.15,450.68,68.17,65.98,0
38.74,56.37,20.12,515.25,61.66,69.93,0
39.25,82.67,10.95,398.19,78.11,23.9,1
38.97,54.77,23.4,483.44,68.84,78.18,0
38.51,57.25,20.19,521.0,67.01,63.06,0
39.78,77.84,9.29,501.07,86.43,53.33,1
38.9,67.6,17.08,515.65,66.26,70.87,0
37.96,52.8,23.6,507.62,72.87,65.69,0
39.83,79.08,9.92,393.41,88.36,29.99,1
38.62,49.51,22.98,473.67,69.06,66.75,0
38.39,56.07,21.88,460.69,69.83,71.51,0
41.25,75.61,14.07,493.06,73.18,33.14,1
39.0,65.27,24.7,501.64,72.49,71.99,0
39.53,68.37,6.48,372.89,75.38,38.49,1
38.78,52.35,23.31,436.31,73.89,80.66,0
38.55,56.37,25.14,467.12,69.01,82.83,0
38.9,68.42,25.54,440.29,67.65,73.24,0
38.95,56.55,21.44,467.78,68.39,77.36,0
40.42,82.49,13.52,399.34,98.53,35.9,1
38.3,51.31,18.15,441.49,63.1,85.04,0
38.51,60.35,16.26,418.29,61.79,73.94,0
38.69,58.31,20.65,492.98,65.15,63.49,0
39.73,64.0,12.91,490.86,86.86,43.35,1
39.41,78.9,15.09,477.34,77.91,56.39,1
38.54,61.54,17.98,527.67,64.59,64.31,0
40.14,73.47,5.92,396.49,94.66,24.22,1
38.49,59.29,21.93,470.56,70.94,79.02,0
38.53,64.47,14.2,458.62,75.0,42.24,1
38.76,67.14,21.71,513.51,72.1,67.14,0
40.38,64.76,12.68,450.98,81.8,25.78,1
39.09,58.37,26.72,446.63,63.74,66.7,0
38.17,52.22,22.77,512.93,69.55,62.74,0
38.92,65.75,18.43,486.38,66.35,89.94,0
38.6,59.9,20.32,504.94,63.11,77.6,0
40.42,60.32,12.67,426.68,108.0,37.28,1
40.42,88.16,6.05,374.3,72.3,40.93,1
38.72,75.51,33.78,438.72,67.15,78.05,0
41.43,84.13,4.02,454.44,73.85,66.13,1
39.52,73.45,10.41,449.06,86.88,40.56,1
39.33,66.12,12.28,431.04,65.57,25.57,1
38.76,56.14,21.72,469.75,65.37,80.45,0
38.39,54.85,26.69,433.95,62.72,63.15,0
39.34,100.0,8.61,461.21,93.72,42.17,1
38.31,72.23,23.37,464.09,68.78,72.88,0
40.16,73.49,13.24,385.13,69.24,34.1,1
39.28,76.05,8.53,418.66,84.92,38.31,1
37.82,65.67,14.54,417.16,64.57,62.45,0
40.04,80.97,15.48,468.22,113.01,39.67,1
39.49,71.21,10.86,440.1,98.34,40.42,1
38.89,59.55,23.42,568.5,67.29,79.78,0
38.83,68.19,23.87,497.17,64.17,72.23,0
40.0,78.03,17.69,388.66,84.25,64.02,1
39.13,57.47,17.86,512.81,69.16,78.62,0
38.96,60.96,19.22,447.48,67.38,64.99,0
40.66,57.28,11.85,448.15,88.63,48.5,1
39.74,74.54,11.39,352.56,89.41,55.55,1
39.25,72.21,5.28,404.08,69.71,39.32,1
39.32,67.42,14.85,360.79,84.0,45.73,1
38.31,60.92,23.81,490.54,68.81,65.58,0
38.77,72.11,23.88,476.5,76.37,93.6,0
38.21,50.21,22.79,435.44,70.65,71.67,0
39.06,89.29,5.61,369.47,82.14,60.93,1
40.25,75.11,6.68,366.11,90.74,32.6,1
38.77,70.25,21.81,469.61,70.08,87.01,0
38.33,59.34,25.82,459.63,64.9,76.96,0
38.53,78.55,21.31,482.93,61.3,64.77,0
39.64,84.44,17.39,475.02,89.4,49.29,1
41.17,72.93,9.14,414.0,86.82,40.41,1
38.57,52.23,24.94,486.29,77.5,84.62,0
40.08,69.99,8.38,512.72,94.7,34.03,1
38.47,64.01,22.58,480.78,57.23,79.83,0
38.71,78.11,13.3,392.41,106.17,30.43,1
38.78,72.39,21.55,467.87,75.06,71.32,0
38.26,55.54,23.69,503.86,72.34,61.93,0
38.49,67.83,21.36,489.72,71.58,88.42,0
39.15,80.95,14.81,421.87,81.61,40.38,1
40.2,78.83,5.02,511.81,72.5,40.11,1
38.32,53.32,16.95,450.03,69.54,85.79,0
38.65,56.28,18.97,438.52,60.61,72.53,0
38.27,55.72,24.06,545.19,64.72,76.16,0
40.01,62.93,12.63,459.05,88.25,55.04,1
39.07,81.83,6.0,419.54,100.79,37.03,1
40.15,73.41,9.86,406.01,87.07,30.28,1
40.69,53.59,5.4,447.17,98.49,40.26,1
37.91,54.81,20.49,447.56,73.83,75.88,0
39.5,82.17,11.71,376.42,76.62,53.37,1
38.4,56.45,24.58,506.59,66.53,73.7,0
38.74,59.97,25.07,442.3,68.39,84.02,0
38.58,47.22,17.27,455.46,59.87,79.7,0
38.34,70.99,27.24,471.31,72.47,63.78,0
39.61,76.62,6.31,428.2,95.61,34.04,1
38.0,64.07,17.36,365.81,73.75,76.5,0
39.01,72.5,6.4,387.83,84.96,42.61,1
38.57,85.1,22.33,467.04,73.24,78.94,0
37.82,76.5,28.66,479.11,68.9,79.04,0
38.75,47.96,24.2,446.15,63.46,72.84,0
38.37,69.75,9.67,411.58,99.94,50.13,1
38.52,66.46,22.64,551.95,69.09,74.67,0
38.6,73.29,22.13,456.12,73.17,73.85,0
41.43,84.39,15.57,366.3,91.87,35.92,1
38.51,64.13,23.36,404.41,67.25,56.59,0
38.79,62.39,20.12,457.98,76.18,69.01,0
39.46,66.71,19.61,575.53,71.99,89.03,0
39.83,87.43,1.35,423.47,78.29,32.81,1
40.12,73.2,12.78,350.96,82.14,35.56,1
38.17,66.23,23.16,457.76,73.14,73.23,0
39.1,84.38,5.9,376.57,87.37,28.28,1
38.1,63.81,18.79,489.07,68.76,65.78,0
39.08,69.3,21.43,492.47,65.19,73.58,0
39.72,80.34,16.66,389.47,79.32,17.73,1
38.62,59.2,27.27,500.61,79.38,97.24,0
39.7,80.93,3.9,505.3,88.63,35.21,1
40.85,68.97,17.39,429.83,96.75,52.1,1
37.87,76.19,23.52,457.34,68.15,87.48,0
38.83,58.33,18.66,498.86,61.13,72.89,0
37.86,52.77,20.18,547.15,73.13,67.91,0
39.66,70.13,0.0,437.33,98.83,44.83,1
39.94,76.54,4.2,461.49,77.87,47.96,1
37.94,63.89,21.06,408.54,75.07,76.68,0
38.65,60.17,21.53,502.85,69.56,88.93,0
39.84,77.04,10.68,404.94,71.88,55.88,1
39.31,97.26,9.35,470.31,97.1,47.31,1
40.14,85.57,12.5,457.66,88.89,47.02,1
38.88,53.93,18.12,467.78,65.15,80.49,0
37.93,69.5,20.5,471.03,70.08,94.99,0
38.14,45.85,27.06,541.12,72.22,64.13,0
38.47,54.87,24.68,485.83,73.93,66.21,0
38.57,57.08,24.55,480.32,64.71,53.3,0
38.53,60.87,22.51,466.11,73.92,64.5,0
37.58,57.07,23.38,451.81,80.94,72.48,0
40.0,82.8,9.66,424.01,90.5,43.52,1
38.17,58.19,18.82,466.14,66.71,71.9,0
38.49,52.63,19.08,499.45,73.76,78.6,0
39.15,73.36,24.54,492.78,68.16,75.59,0
40.61,64.7,8.44,502.4,81.08,50.96,1
39.92,82.19,9.17,422.48,92.55,34.68,1
38.9,52.77,22.11,503.62,67.82,83.78,0
40.11,94.98,9.15,337.51,81.02,63.44,1
39.35,93.74,12.47,449.8,85.55,68.0,1
40.32,73.64,14.27,409.45,101.01,59.26,1
38.45,63.23,15.29,505.35,64.79,80.55,0
39.23,74.48,12.64,370.63,63.46,41.14,1
39.67,66.32,13.92,394.49,85.33,38.38,1
40.86,80.13,10.87,370.19,87.74,39.77,1
39.44,72.81,9.59,447.24,99.04,47.06,1
38.36,58.82,21.36,456.88,65.51,89.44,0
38.4,67.35,21.85,405.93,66.88,85.42,0
39.3,82.78,7.39,461.3,99.19,15.26,1
39.65,84.77,13.59,450.85,69.73,19.92,1
38.96,64.44,18.54,456.13,68.16,58.01,0
38.8,56.52,25.89,438.41,70.7,77.71,0
38.95,59.52,9.04,383.34,86.06,44.17,1
38.05,67.17,17.81,405.63,72.38,92.57,0
40.56,75.85,14.88,388.25,69.3,25.38,1
39.86,61.81,4.96,453.15,80.94,17.97,1
40.26,69.36,21.07,441.51,94.95,46.27,1
38.7,57.17,22.66,487.79,60.59,70.05,0
38.58,50.16,21.73,507.25,74.46,88.45,0
38.24,66.4,24.63,475.57,64.14,69.51,0
39.08,51.88,27.86,457.17,66.41,79.3,0
40.55,63.41,16.95,384.91,90.69,32.26,1
40.17,84.46,10.08,361.68,91.6,41.62,1
38.48,50.21,19.31,448.43,73.23,81.19,0
38.52,47.07,26.42,464.47,65.51,81.56,0
38.48,58.13,23.2,538.08,69.03,74.53,0
38.18,65.3,27.43,455.43,70.5,73.27,0
38.93,50.09,24.16,391.27,67.23,70.65,0
38.07,56.51,21.72,420.64,66.11,73.1,0
39.32,60.91,21.16,566.8,76.92,65.9,0
38.67,63.7,20.45,506.61,76.36,58.16,0
40.79,90.56,12.28,407.77,89.84,38.79,1
38.34,57.75,24.46,494.52,72.87,89.3,0
38.49,65.95,23.28,444.51,62.43,70.55,0
40.21,75.98,7.17,343.45,81.82,37.41,1
38.83,62.55,18.61,463.33,61.35,67.96,0
38.6,62.03,24.85,413.56,62.72,81.49,0
40.23,85.1,15.66,412.4,72.34,49.82,1
38.85,60.41,21.27,557.81,63.04,82.72,0
39.12,64.87,29.09,514.89,74.8,62.93,0
40.22,62.41,13.92,463.94,83.91,58.25,1
38.81,65.39,23.66,472.18,65.88,72.35,0
38.35,66.67,19.5,502.03,80.75,83.16,0
38.52,69.6,25.6,440.27,72.04,72.61,0
39.77,71.0,14.11,430.51,91.25,59.25,1
39.24,54.83,17.88,523.01,65.79,77.06,0
38.53,62.59,23.69,515.5,69.96,71.45,0
40.97,70.38,8.8,395.2,98.64,43.51,1
38.63,65.37,21.36,382.94,68.75,70.02,0
39.85,73.9,13.57,435.09,81.29,44.94,1
39.3,74.16,12.86,433.13,73.22,39.99,1
39.13,69.11,9.39,440.46,86.65,38.16,1
38.59,74.36,19.37,503.7,67.57,76.31,0
38.86,71.87,24.05,466.19,56.48,87.86,0
40.51,86.79,4.59,420.1,79.37,41.6,1
38.11,56.42,25.74,448.75,65.86,68.48,0
39.28,72.36,15.59,449.28,89.08,41.42,1
39.21,73.1,5.7,409.74,78.16,62.01,1
38.53,45.0,26.55,495.83,64.5,73.27,0
41.1,80.94,12.94,330.4,83.31,44.76,1
39.21,74.57,3.56,463.23,87.62,42.44,1
39.15,47.86,21.69,438.16,68.51,79.74,0
38.04,72.27,20.31,527.72,70.96,70.56,0
38.45,60.17,20.92,545.74,63.77,82.04,0
41.24,100.0,12.16,463.56,106.16,41.13,1
39.15,52.36,27.71,500.68,61.01,64.24,0
38.59,76.11,21.87,490.29,67.43,69.61,0
39.98,85.88,11.58,467.46,73.85,25.5,1
39.48,57.85,20.25,481.82,64.45,81.14,0
39.8,99.9,15.12,410.26,84.11,55.57,1
38.59,55.11,25.79,479.63,80.86,70.13,0
39.1,48.61,19.55,520.86,67.47,63.78,0
40.08,57.55,11.96,399.51,81.68,13.84,1
37.99,47.43,18.12,454.8,62.74,71.69,0
39.45,79.83,3.59,478.72,80.7,34.48,1
39.02,60.02,18.22,500.85,66.97,74.63,0
39.66,67.64,8.57,397.69,82.34,47.54,1
38.76,60.98,20.36,561.99,61.02,67.46,0
38.44,72.35,15.37,397.05,88.98,36.77,1
40.24,85.99,9.62,442.74,89.09,45.43,1
39.32,72.02,13.76,481.25,69.26,38.0,1
38.27,37.02,24.56,449.1,64.7,74.64,0
40.5,60.78,11.48,396.91,89.75,27.01,1
39.54,68.3,9.23,434.04,100.08,58.69,1
38.58,62.59,23.37,403.53,71.0,72.34,0
38.0,64.71,17.9,450.86,66.98,76.12,0
38.85,47.08,21.23,500.25,61.49,77.86,0
37.99,56.87,15.62,487.68,76.35,71.86,0
38.22,56.38,19.5,459.51,63.79,80.86,0
38.48,51.46,21.52,452.44,72.19,79.22,0
37.93,55.12,23.75,486.31,66.9,80.93,0
38.41,65.94,25.29,498.57,70.82,74.51,0
38.27,48.26,27.39,510.65,68.49,64.59,0
38.02,63.2,18.73,544.35,72.14,70.16,0
39.25,60.16,17.36,517.81,68.22,81.83,0
38.77,63.43,18.71,463.4,67.93,67.82,0
38.39,57.45,22.77,523.89,69.2,70.97,0
38.86,43.97,20.43,402.02,66.37,63.15,0
40.34,71.82,2.93,373.77,80.03,31.38,1
39.67,79.53,8.3,390.44,91.67,40.2,1
38.24,56.28,20.42,514.38,61.92,73.18,0
38.79,67.72,25.6,563.73,77.8,72.48,0
38.2,85.54,24.44,456.84,70.52,69.56,0
38.5,60.12,20.38,420.92,60.22,66.34,0
39.62,88.58,7.92,364.75,84.4,38.51,1
39.11,71.16,18.11,383.13,87.45,41.48,1
39.17,79.15,3.02,394.38,76.49,69.3,1
38.0,62.47,19.28,459.01,71.65,70.44,0
39.01,59.38,21.04,487.95,70.0,77.65,0
39.99,64.74,16.67,429.18,72.33,38.07,1
40.66,86.19,3.85,464.67,66.17,26.44,1
38.94,55.66,22.75,520.24,60.41,78.69,0
38.41,50.87,19.54,423.39,65.6,73.52,0
38.28,50.55,21.99,424.49,56.96,75.17,0
38.26,69.19,20.05,545.62,65.77,63.49,0
38.77,81.52,9.74,442.55,94.33,39.95,1
39.05,68.64,27.11,467.27,62.63,79.08,0
41.49,74.58,1.49,385.77,78.45,35.72,1
38.47,59.84,19.33,522.81,69.28,87.32,0
38.11,52.75,13.28,470.04,67.14,72.88,0
38.22,60.72,16.74,563.92,71.45,78.31,0
39.98,79.82,5.35,454.81,87.74,40.64,1
38.55,62.58,24.75,460.47,62.87,71.5,0
40.7,72.22,7.53,457.03,80.4,35.59,1
38.74,59.29,19.41,528.26,70.15,79.17,0
39.93,81.32,10.13,465.81,60.08,25.29,1
38.65,61.52,21.44,459.41,58.01,78.13,0
38.09,60.81,17.9,488.67,70.9,86.57,0
40.3,87.47,8.22,392.96,81.3,36.64,1
39.42,60.94,2.63,384.82,84.88,42.71,1
39.63,63.18,8.79,369.27,83.17,59.91,1
39.98,91.74,16.42,409.08,85.95,44.04,1
38.07,77.26,21.84,438.3,69.43,61.17,0
38.62,70.49,11.31,399.72,73.35,51.82,1
37.5,51.77,22.7,429.2,63.94,77.18,0
38.14,58.62,22.11,520.07,75.64,67.93,0
38.26,55.49,21.88,448.0,61.04,79.04,0
39.33,65.94,20.17,499.19,68.57,85.77,0
39.25,89.22,9.27,381.4,99.34,63.01,1
39.44,80.07,11.09,425.33,79.47,37.66,1
39.57,82.54,16.71,448.66,91.93,36.39,1
38.29,61.24,16.43,539.87,72.69,67.05,0
38.97,58.93,22.78,436.11,71.05,74.26,0
40.81,90.84,11.67,478.53,83.4,28.63,1
38.31,50.31,28.82,452.83,68.92,87.84,0
40.16,77.91,11.78,382.87,81.53,38.61,1
38.7,49.97,19.76,435.91,61.63,73.5,0
39.78,72.34,8.26,404.14,90.95,19.8,1
37.82,65.98,20.16,475.71,64.69,83.69,0
37.82,59.15,26.48,487.98,69.05,69.56,0
38.4,67.58,20.5,561.68,68.97,77.59,0
38.54,65.68,22.29,461.81,67.03,53.37,0
38.89,56.27,27.96,482.4,60.09,74.08,0
38.7,68.97,24.32,449.55,59.29,78.5,0
39.36,66.23,6.98,450.46,77.07,38.76,1
38.7,48.39,21.62,481.82,71.06,83.4,0
40.57,81.2,18.69,407.6,88.14,32.66,1
38.28,69.98,22.81,509.39,66.76,68.11,0
39.2,50.99,23.72,509.28,55.34,75.26,0
38.65,63.01,23.02,441.65,67.87,82.57,0
38.77,76.29,8.65,413.4,86.79,66.84,1
39.42,80.5,12.52,458.04,93.79,34.96,1
39.01,69.0,18.92,496.52,64.98,71.27,0
38.41,59.82,21.08,454.68,63.91,81.47,0
40.23,89.42,13.01,455.62,94.33,23.07,1
38.04,54.74,20.52,439.36,63.76,72.13,0
39.97,79.02,6.53,300.0,86.21,45.4,1
38.23,62.91,28.16,566.2,59.01,61.19,0
38.67,59.43,27.57,478.0,64.02,73.52,0
40.04,75.47,9.11,436.58,82.31,40.68,1
38.27,54.87,28.81,496.87,70.55,74.96,0
38.64,57.71,25.95,516.02,68.07,73.21,0
39.68,82.11,9.8,460.95,83.18,48.73,1
40.27,69.26,13.32,452.12,71.6,39.36,1
40.31,84.93,11.12,411.06,68.76,23.03,1
38.1,58.59,20.29,470.14,66.48,73.45,0
38.38,51.88,24.07,478.6,67.29,72.15,0
38.11,53.72,18.97,450.43,69.0,71.77,0
38.53,63.35,24.45,500.41,60.14,96.69,0
38.33,67.94,24.9,538.1,62.91,76.84,0
40.81,93.02,7.58,415.62,95.28,32.93,1
40.66,80.02,8.38,398.22,71.38,27.96,1
40.19,93.15,8.87,379.78,68.32,45.2,1
38.57,59.93,25.73,534.09,62.23,68.11,0
40.7,78.93,11.08,440.62,87.02,50.84,1
38.42,54.58,27.17,456.4,71.79,84.46,0
39.24,70.65,15.87,525.71,51.24,24.05,1
38.29,64.81,22.09,491.43,66.29,74.65,0
38.7,42.91,18.29,489.08,68.38,77.77,0
38.59,52.1,23.66,407.85,62.1,73.2,0
38.75,64.85,22.97,536.28,67.12,59.52,0
40.31,71.63,8.13,416.98,71.57,43.13,1
38.14,67.5,23.35,515.05,68.19,64.56,0
37.91,52.37,18.17,431.19,75.22,67.54,0
38.49,51.26,19.64,434.28,61.78,76.48,0
39.78,85.78,8.45,385.1,91.12,35.84,1
39.94,84.75,10.33,437.48,85.93,34.01,1
39.95,62.7,12.51,481.09,68.77,22.9,1
39.43,74.77,4.07,445.01,91.73,31.1,1
38.12,59.81,15.64,452.07,71.3,58.78,0
38.31,55.97,20.64,445.75,64.73,87.84,0
38.26,65.38,20.75,468.23,67.35,85.15,0
39.97,63.96,4.6,487.36,81.51,40.47,1
39.89,64.01,9.84,460.27,78.77,27.82,1
40.15,70.9,13.19,446.06,67.74,60.55,1
38.45,100.0,8.66,505.33,96.03,54.05,1
40.32,68.18,15.73,400.8,82.02,39.2,1
39.17,92.27,7.24,446.63,99.55,47.31,1
38.94,58.45,26.6,488.74,80.7,84.7,0
38.58,63.99,16.62,444.15,63.09,78.99,0
38.75,52.37,16.67,503.7,72.14,85.7,0
41.57,75.27,8.53,362.52,100.41,44.19,1
39.16,81.32,3.3,439.52,78.69,51.83,1
38.42,71.82,26.69,450.53,68.41,75.23,0
38.53,76.45,26.21,432.95,62.84,63.59,0
39.27,94.48,10.21,408.2,78.24,52.34,1
38.58,73.86,18.51,481.77,68.68,83.58,0
40.07,86.85,7.72,376.43,98.46,45.51,1
39.32,79.4,13.31,434.55,62.82,22.95,1
39.84,83.57,11.47,551.13,86.95,42.78,1
38.71,49.06,25.06,537.15,66.07,63.18,0
40.31,99.93,8.82,431.44,79.19,45.16,1
39.78,73.03,4.11,442.49,80.97,56.62,1
37.89,64.38,23.43,525.77,61.93,64.43,0
38.76,61.39,18.92,407.16,68.1,85.4,0
39.12,63.14,25.02,526.94,78.42,82.42,0
37.62,49.44,22.32,499.66,71.7,84.25,0
38.33,67.62,21.29,460.9,63.48,83.9,0
40.57,97.85,9.92,356.7,86.79,42.18,1
39.34,76.58,11.84,356.13,80.62,55.95,1
39.03,94.65,10.74,367.94,94.04,56.13,1
39.42,49.18,19.73,506.75,78.53,74.54,0
39.85,76.26,11.61,395.38,95.69,33.47,1
38.44,48.65,23.41,392.15,67.91,66.68,0
39.98,91.52,5.52,473.87,94.31,33.47,1
38.97,56.63,20.87,442.36,65.41,74.78,0
38.32,68.61,23.0,359.69,58.54,60.88,0
37.92,65.38,26.77,500.03,73.11,76.98,0
39.78,95.18,10.15,441.27,87.45,45.25,1
39.58,79.95,3.32,405.92,78.15,36.98,1
40.29,81.7,11.57,340.08,84.19,28.69,1
39.17,60.85,22.44,512.56,69.79,81.13,0
39.18,73.85,8.47,510.2,80.78,43.64,1
38.59,60.01,19.68,475.39,61.65,67.72,0
38.58,50.48,25.3,471.44,66.28,72.06,0
39.27,64.52,8.77,373.21,76.14,28.5,1
38.75,90.78,11.6,458.57,80.78,56.39,1
39.21,58.79,22.47,481.3,71.46,77.26,0
39.1,67.16,20.59,434.96,73.59,76.63,0
40.78,78.63,15.01,469.03,82.19,35.13,1
40.02,86.78,13.76,491.51,100.56,52.83,1
39.12,83.45,5.86,383.71,89.57,37.22,1
39.03,50.0,19.98,482.71,73.52,77.33,0
38.16,49.23,22.65,488.86,63.41,80.31,0
40.18,89.4,16.73,405.39,80.89,44.57,1
38.26,63.36,17.31,489.72,73.19,73.53,0
39.27,55.97,6.8,360.04,99.55,52.4,1
38.63,71.94,18.61,524.67,67.08,59.14,0
38.42,57.43,25.66,455.67,70.53,67.17,0
37.69,58.01,22.57,529.51,78.93,69.95,0
38.44,65.42,24.33,525.11,69.88,84.25,0
40.29,71.13,2.56,414.39,89.53,13.31,1
39.89,80.19,12.23,450.12,83.66,36.59,1
38.71,57.42,24.69,506.2,64.33,74.49,0
39.61,83.57,7.29,428.68,93.26,50.21,1
38.88,84.55,7.83,371.82,94.34,42.05,1
38.63,54.36,23.5,486.42,68.65,96.14,0
39.11,61.87,20.03,534.22,64.91,78.66,0
40.78,65.05,6.79,387.11,75.28,40.45,1
40.13,79.26,9.19,418.52,93.15,40.34,1
39.45,63.03,16.94,460.34,83.26,50.68,1
38.66,67.07,20.11,510.75,68.08,80.47,0
38.31,58.07,24.25,489.72,73.41,72.94,0
39.48,72.27,22.15,489.98,68.63,74.07,0
38.97,66.23,14.52,500.72,68.81,68.27,0
40.04,72.67,10.08,416.26,79.05,61.68,1
39.45,70.67,8.93,465.69,97.72,53.25,1
37.64,64.94,17.3,469.75,68.13,80.93,0
39.15,59.96,20.25,476.76,59.24,85.74,0
40.67,69.63,5.97,473.74,93.53,40.15,1
38.96,55.12,21.31,472.74,74.76,79.42,0
38.92,78.84,12.68,429.67,82.74,36.91,1
40.34,75.24,14.55,403.83,78.84,28.64,1
38.23,65.91,21.42,518.31,73.42,72.05,0
38.14,66.78,24.27,418.78,68.94,72.55,0
38.64,58.78,27.16,464.26,74.87,77.56,0
38.61,55.89,23.25,443.49,65.87,64.71,0
38.37,76.8,18.12,479.34,61.75,85.32,0
38.16,61.6,24.62,534.5,69.09,91.46,0
38.09,68.06,25.3,497.01,74.81,77.58,0
39.66,83.71,10.08,454.65,98.16,36.35,1
38.18,53.71,20.35,504.12,71.16,74.24,0
37.64,62.48,11.59,371.48,94.84,35.62,1
38.75,51.04,20.54,486.89,68.49,75.89,0
39.13,54.38,18.1,448.81,64.3,72.43,0
38.21,57.04,23.41,481.09,59.64,67.62,0
39.11,85.7,12.3,376.76,73.75,53.62,1
38.46,65.93,20.92,472.88,69.97,83.55,0
38.21,61.58,24.16,501.77,82.12,71.36,0
38.88,62.61,24.5,487.25,65.31,82.76,0
38.5,64.69,22.42,436.06,75.87,75.86,0
39.66,74.83,9.57,422.07,76.68,40.18,1
38.74,45.91,17.39,473.52,70.53,80.59,0
38.48,59.17,24.04,496.42,67.91,72.06,0
39.3,80.25,3.7,413.91,74.59,48.65,1
39.03,70.47,12.13,451.65,80.2,24.52,1
38.06,56.17,24.06,485.55,64.99,79.72,0
38.74,63.58,23.08,416.09,72.21,65.7,0
39.03,74.76,6.81,441.28,77.29,46.35,1
39.13,73.48,13.39,429.03,79.66,47.54,1
38.84,60.21,2.93,343.29,79.47,70.1,1
39.95,77.62,8.17,449.0,97.23,38.55,1
39.36,79.49,7.56,363.17,80.88,47.51,1
40.8,73.53,5.38,360.98,66.46,46.85,1
40.46,60.44,6.77,340.26,76.36,57.89,1
38.82,72.35,26.02,498.5,67.93,79.95,0
37.67,59.36,26.43,415.36,71.75,63.93,0
38.75,59.85,18.99,519.78,63.1,66.22,0
38.6,57.99,23.99,442.0,63.83,59.91,0
40.46,54.15,11.52,436.31,95.56,28.92,1
39.55,79.5,4.75,397.72,82.65,42.16,1
39.08,68.32,24.99,430.86,68.58,65.32,0
39.53,82.19,5.65,424.64,66.08,41.71,1
37.88,59.14,19.81,427.71,65.58,73.01,0
38.87,45.31,20.84,579.41,64.14,72.52,0
39.77,86.31,11.1,430.5,80.7,40.96,1
40.28,75.28,12.98,482.93,88.42,22.59,1
38.09,70.54,21.31,497.95,64.31,82.97,0
39.91,84.47,2.08,396.02,88.65,30.18,1
38.91,69.82,24.05,485.97,73.91,77.73,0
39.87,73.2,14.09,436.65,91.13,45.04,1
37.9,60.74,22.67,507.95,65.29,69.64,0
39.2,58.33,23.66,441.34,67.9,67.82,0
37.75,68.58,24.37,490.77,64.32,74.74,0
39.49,64.46,21.24,394.7,68.79,68.02,0
38.11,58.56,22.64,479.76,70.29,72.78,0
39.9,61.75,12.07,381.16,96.06,36.87,1
38.73,63.9,20.79,532.41,64.75,78.19,0
38.61,71.77,29.86,409.16,60.64,77.7,0
37.97,48.96,23.57,487.05,73.12,75.07,0
38.16,70.72,29.24,477.48,57.11,77.15,0
39.67,72.07,14.76,439.17,75.97,26.61,1
38.14,53.32,23.17,527.79,71.14,73.82,0
38.89,54.65,17.78,511.34,63.36,76.1,0
39.25,73.35,11.39,428.46,56.89,40.36,1
37.72,67.46,22.95,501.45,79.62,70.07,0
40.62,90.43,11.34,430.98,93.08,45.57,1
38.92,60.54,24.85,543.94,71.0,85.82,0
39.5,75.35,11.68,483.63,79.45,52.74,1
40.01,75.68,3.14,446.77,69.4,39.16,1
38.94,56.71,24.08,517.18,68.62,80.62,0
39.24,49.04,18.94,454.63,62.07,71.6,0
37.99,61.32,24.12,438.39,69.69,71.57,0
37.96,51.42,23.47,528.81,71.77,77.67,0
38.1,61.52,27.92,479.68,66.58,69.95,0
38.37,54.85,23.8,429.42,68.38,67.85,0
38.58,52.48,26.57,380.08,68.47,58.14,0
38.96,75.08,25.03,518.41,66.63,70.87,0
38.62,73.12,19.53,480.51,67.77,72.58,0
38.85,61.84,27.14,496.39,74.29,85.51,0
38.29,65.58,19.88,463.06,71.52,84.53,0
39.46,86.1,5.89,374.43,88.9,54.59,1
38.11,68.28,20.81,473.19,66.03,58.8,0
38.6,74.18,23.39,529.21,70.68,74.09,0
38.94,60.15,22.1,480.34,59.13,78.52,0
37.97,67.47,20.31,487.14,61.33,72.03,0
39.22,82.15,12.74,371.62,73.69,26.43,1
38.71,59.83,23.89,450.73,69.37,82.19,0
38.29,67.65,19.7,529.17,70.38,76.07,0
38.64,61.87,19.65,511.31,65.19,64.24,0
38.29,66.72,23.6,432.43,61.32,79.25,0
38.21,39.27,23.6,401.24,61.05,78.59,0
38.75,65.25,18.05,436.32,66.28,57.26,0
39.2,100.0,12.37,409.17,78.41,41.55,1
39.88,77.67,6.74,321.11,84.37,50.88,1
39.73,72.6,11.99,523.75,76.44,32.33,1
40.29,76.28,11.99,428.56,96.98,32.02,1
40.44,70.34,9.79,457.05,99.36,57.93,1
38.87,62.81,21.86,419.99,66.96,84.82,0
40.68,54.46,14.44,308.54,87.89,39.16,1
39.59,74.61,27.28,476.56,56.9,82.01,0
37.87,49.36,19.59,478.62,63.03,74.26,0
39.88,79.81,11.93,467.51,83.49,54.83,1
38.4,58.59,20.44,535.73,67.77,64.34,0
39.24,67.86,17.05,431.65,73.72,50.88,1
40.04,72.9,8.35,500.75,102.05,50.89,1
38.6,62.94,26.73,450.59,70.38,75.16,0
37.92,52.01,22.72,501.51,67.38,71.54,0
39.99,84.32,7.54,495.44,88.22,49.09,1
39.42,87.71,8.73,423.93,98.25,40.21,1
38.25,58.98,20.57,470.06,69.22,82.74,0
39.41,70.12,8.04,434.88,73.14,28.41,1
41.48,77.9,11.18,480.05,78.99,31.44,1
38.13,59.51,19.42,436.39,66.01,75.47,0
40.62,89.38,8.51,357.7,82.54,35.96,1
38.85,49.63,20.04,425.13,63.94,82.43,0
39.78,68.91,6.05,438.83,95.97,42.75,1
38.96,62.56,22.4,546.61,64.51,73.35,0
40.84,81.78,16.17,419.06,79.9,57.09,1
38.83,54.27,23.5,520.38,67.8,65.08,0
38.53,56.77,21.1,518.27,78.34,72.39,0
39.0,76.96,10.26,468.89,90.62,19.48,1
38.97,76.18,5.98,399.19,96.31,30.44,1
38.72,60.71,20.95,503.44,62.63,74.45,0
38.03,63.88,16.89,514.49,77.04,69.97,0
38.27,58.93,22.95,519.91,67.82,81.67,0
38.51,66.35,21.38,464.11,69.55,72.93,0
37.68,77.37,23.06,468.1,74.82,86.8,0
38.8,60.05,19.82,513.26,71.49,59.39,0
38.16,56.1,23.17,466.93,72.44,72.56,0
40.44,85.91,11.03,428.92,85.38,29.66,1
38.69,60.61,20.61,513.79,62.05,76.54,0
38.53,65.08,19.79,465.97,69.95,74.98,0
38.26,48.03,28.91,475.41,63.01,74.34,0
38.0,60.17,23.28,514.91,74.95,63.28,0
39.79,87.67,16.43,437.77,89.48,47.32,1
39.76,94.17,2.97,495.86,79.94,47.18,1
38.55,59.85,17.35,499.86,64.16,78.46,0
37.99,60.27,18.82,437.8,63.45,84.44,0
38.86,76.49,25.25,535.74,72.45,67.57,0
38.23,53.51,20.42,514.1,71.13,70.37,0
38.51,59.06,23.45,491.17,64.1,64.84,0
39.53,73.19,6.09,446.42,92.78,31.33,1
37.82,57.12,19.5,479.03,76.27,84.5,0
38.57,69.32,21.28,537.89,58.73,75.52,0
38.51,58.7,20.88,523.2,68.57,72.74,0
39.34,56.93,22.14,506.65,67.24,75.82,0
38.66,52.81,19.52,492.3,72.64,83.5,0
38.1,52.49,23.26,499.87,65.76,84.37,0
41.13,59.84,8.19,381.33,93.5,25.83,1
38.89,59.8,22.55,466.38,66.3,70.38,0
38.1,62.94,20.65,455.54,67.95,73.12,0
39.9,77.35,14.83,371.68,85.96,35.81,1
38.29,50.13,16.1,526.38,68.41,80.72,0
39.08,53.85,27.0,437.66,73.19,68.3,0
40.12,74.78,14.57,503.19,76.49,28.11,1
40.04,57.99,25.82,512.43,67.29,69.72,0
39.44,86.05,5.37,403.66,95.69,42.72,1
38.59,61.28,19.87,451.41,70.94,71.13,0
39.85,92.34,11.62,426.45,91.61,32.04,1
40.53,81.46,9.39,438.27,103.69,46.19,1
39.61,88.48,8.1,466.37,96.79,30.88,1
39.36,76.16,14.42,488.19,104.94,32.91,1
39.06,52.34,25.99,491.66,76.12,72.13,0
39.59,78.91,2.75,376.97,93.35,11.34,1
39.89,68.22,6.43,376.57,85.77,48.45,1
38.46,77.85,21.15,410.17,71.64,86.43,0
39.53,79.36,9.87,419.2,80.77,40.23,1
38.93,64.98,25.83,456.43,69.66,65.04,0
38.75,61.55,26.31,506.48,64.64,82.19,0
38.31,50.05,24.46,481.36,71.78,74.53,0
40.17,68.12,17.81,414.89,81.64,33.96,1
39.1,99.86,14.29,392.97,77.86,32.92,1
39.13,73.82,21.01,406.25,68.42,82.36,0
38.43,47.14,25.55,453.27,71.3,78.53,0
40.05,70.66,17.37,367.57,86.84,33.81,1
38.3,80.47,21.27,503.3,64.47,86.73,0
38.12,55.23,18.88,496.17,67.68,59.47,0
38.1,51.28,22.57,554.75,72.82,77.99,0
38.46,61.95,25.69,456.09,60.67,82.68,0
37.89,58.9,22.14,553.97,63.39,89.77,0
38.3,64.8,18.61,387.35,67.28,63.36,0
38.39,71.59,22.86,511.31,64.81,77.88,0
39.34,52.32,26.44,415.54,67.65,85.45,0
38.47,73.91,21.02,476.69,66.86,71.18,0
38.65,61.22,25.18,507.21,74.8,68.19,0
38.78,69.12,17.93,488.77,60.98,72.26,0
39.52,74.75,12.15,454.37,97.71,37.93,1
38.34,55.34,27.82,433.74,60.82,83.25,0
38.09,66.28,19.29,522.97,76.61,69.95,0
38.38,57.04,25.84,418.91,61.62,66.36,0
38.8,67.42,24.01,408.28,65.44,61.87,0
39.57,79.74,9.99,356.13,61.58,39.04,1
39.81,79.51,10.54,432.66,75.1,33.12,1
38.02,48.17,22.98,491.09,67.74,75.74,0
38.72,39.17,22.06,489.84,66.5,90.62,0
38.41,56.57,24.58,461.61,59.26,74.82,0
38.77,56.73,30.61,488.93,65.2,70.48,0
38.1,55.1,22.18,417.48,71.44,68.92,0
38.7,62.66,21.47,470.29,60.45,88.54,0
39.92,75.53,11.18,443.51,94.31,39.02,1
39.98,89.79,13.0,413.24,92.93,5.0,1
38.11,53.63,18.27,417.37,71.67,70.14,0
38.65,61.48,15.26,466.98,67.76,73.8,0
41.36,84.3,5.98,447.85,90.37,34.71,1
39.3,67.41,23.94,495.49,74.67,64.42,0
38.78,57.67,21.65,480.91,68.54,78.52,0
38.62,67.35,21.16,457.13,59.56,65.85,0
39.06,74.43,23.47,471.36,69.48,81.28,0
38.45,85.98,8.63,363.38,77.94,41.5,1
39.25,55.63,14.09,484.14,67.02,73.73,0
38.53,69.19,16.22,476.48,62.01,73.17,0
39.32,100.0,3.65,442.01,96.11,33.84,1
38.62,72.17,20.0,399.7,61.69,67.72,0
39.29,66.26,7.07,359.17,77.55,12.09,1
37.44,51.27,22.68,435.15,66.37,78.09,0
39.25,57.53,7.06,420.08,82.37,33.86,1
40.94,93.7,16.3,402.43,68.81,37.67,1
40.47,79.66,12.49,352.98,86.35,34.64,1
38.12,67.89,19.49,592.59,60.21,71.31,0
38.6,45.35,26.56,450.12,73.81,69.02,0
38.39,55.16,22.84,396.98,69.95,87.73,0
38.14,51.42,23.79,412.43,64.82,59.47,0
37.91,56.57,23.63,552.54,71.04,77.03,0
39.92,85.81,5.38,358.76,86.78,41.29,1
40.75,88.48,13.32,445.33,76.65,30.9,1
40.43,75.33,9.49,351.44,94.62,23.61,1
40.37,79.88,8.8,382.73,81.19,46.12,1
39.36,58.55,23.25,510.87,73.98,75.26,0
38.29,60.48,18.85,534.79,66.4,90.94,0
40.38,88.22,13.48,477.36,86.24,26.58,1
38.5,42.31,25.32,472.47,67.31,64.97,0
39.81,61.83,11.91,461.54,66.81,80.53,1
38.21,70.43,17.46,477.61,58.16,69.24,0
37.86,63.5,21.35,492.87,68.41,74.87,0
40.87,76.12,16.45,479.22,85.46,36.28,1
38.87,85.35,7.28,390.61,103.11,46.76,1
38.25,62.12,24.0,456.8,65.56,74.91,0
39.2,48.49,24.54,423.05,68.07,68.43,0
38.83,50.85,20.97,537.4,67.71,78.06,0
39.57,84.12,9.19,427.08,89.62,30.75,1
38.51,54.04,23.31,517.71,70.29,84.85,0
39.69,69.99,2.23,374.3,73.14,27.04,1
38.55,52.87,25.12,502.33,71.22,74.99,0
38.64,72.34,23.0,464.28,67.42,65.47,0
38.22,57.9,22.77,563.0,64.98,69.26,0
39.91,78.34,10.18,378.38,97.24,53.13,1
40.03,63.57,10.7,504.94,75.34,12.77,1
38.29,51.17,22.08,531.02,69.14,77.11,0
38.57,58.37,26.14,472.7,68.38,84.75,0
39.39,70.38,8.43,429.63,89.33,40.41,1
40.62,59.2,7.61,413.24,96.63,50.88,1
38.53,69.75,19.22,446.87,57.04,70.62,0
38.87,58.47,23.71,517.5,66.81,60.78,0
39.4,61.15,22.37,531.24,71.01,68.8,0
38.79,53.36,23.53,472.37,70.25,80.4,0
39.2,85.8,13.11,422.21,93.26,33.23,1
39.53,88.85,6.05,445.76,82.33,41.34,1
38.14,76.13,10.43,492.58,90.21,37.11,1
38.89,69.57,19.31,489.03,64.72,87.64,0
38.57,76.59,21.58,449.5,63.72,71.01,0
38.42,55.59,18.95,507.71,58.9,73.07,0
39.04,74.87,11.95,355.8,96.55,45.84,1
40.04,72.11,9.64,375.86,67.58,36.31,1
40.6,100.0,14.97,313.99,71.93,36.03,1
39.85,91.99,9.74,410.25,73.76,39.62,1
40.2,86.78,9.44,381.42,91.12,32.93,1
38.47,53.82,24.93,491.81,61.26,81.59,0
38.41,45.85,24.81,500.01,69.16,72.94,0
38.21,66.13,23.16,468.8,71.73,65.64,0
40.05,98.51,15.63,447.78,96.85,64.21,1
39.17,73.56,21.79,473.57,62.37,64.43,0
38.57,52.05,19.05,493.76,66.69,95.48,0
38.32,47.14,21.16,432.92,70.26,77.57,0
40.13,74.72,9.0,456.49,81.17,31.39,1
39.55,70.49,15.97,437.09,85.66,37.09,1
40.16,76.83,2.77,428.62,80.03,26.06,1
40.55,81.39,7.97,372.04,97.72,44.87,1
40.76,80.52,15.74,492.98,84.96,40.86,1
38.19,55.09,24.93,461.69,68.02,83.72,0
38.28,51.95,25.54,518.48,59.86,69.41,0
38.19,59.71,21.15,487.66,77.01,83.79,0
40.31,63.54,9.42,354.29,85.69,34.24,1
38.23,58.82,19.36,510.43,70.27,72.69,0
38.37,63.27,18.1,508.88,78.27,71.78,0
40.59,73.99,15.7,352.81,55.27,40.82,1
40.26,80.29,9.54,402.68,76.13,49.95,1
38.61,57.88,17.03,490.48,67.16,59.28,0
38.56,65.33,23.3,483.25,66.83,83.49,0
38.66,63.78,14.4,469.85,68.68,81.22,0
39.08,74.44,13.13,450.87,76.6,37.15,1
40.61,71.44,8.28,451.24,74.61,30.02,1
41.0,67.11,9.31,394.88,99.44,45.62,1
38.38,55.65,18.45,432.52,68.44,58.12,0
38.91,75.67,9.39,467.94,94.76,30.01,1
38.04,65.35,18.48,353.18,63.7,59.53,0
38.75,56.09,19.77,432.83,68.75,86.14,0
39.81,70.93,10.49,418.7,74.49,38.84,1
38.63,51.81,20.22,517.98,60.09,82.66,0
39.68,70.77,13.57,487.78,91.47,55.69,1
39.08,82.36,13.81,414.3,83.97,31.83,1
39.56,82.8,7.7,381.5,73.34,51.24,1
39.26,52.53,23.95,532.14,73.6,73.77,0
38.6,54.25,18.63,472.84,71.3,76.6,0
39.26,100.0,5.24,426.24,74.82,69.28,1
38.17,73.69,17.65,460.1,67.59,76.06,0
38.78,63.42,25.59,477.7,60.97,76.61,0
37.36,63.23,27.69,468.67,74.14,79.78,0
38.13,58.89,18.47,461.92,66.47,86.33,0
40.84,95.46,8.55,461.99,97.89,34.56,1
40.24,83.84,7.94,411.09,66.05,57.42,1
38.34,52.78,19.19,425.9,66.91,75.44,0
38.36,57.54,22.61,425.66,66.13,77.95,0
38.68,70.32,22.52,451.04,67.31,66.97,0
38.57,53.42,21.48,402.53,71.8,94.53,0
38.63,58.93,20.87,496.71,71.58,68.55,0
38.7,81.45,12.56,433.82,82.15,22.11,1
38.83,56.89,18.26,465.18,72.91,75.35,0
38.97,50.89,23.01,461.65,62.76,78.6,0
39.75,66.64,9.57,411.68,89.33,44.12,1
38.26,68.01,17.11,489.74,68.17,79.65,0
38.45,74.83,22.37,477.62,72.08,74.15,0
40.41,76.4,12.28,382.45,80.65,43.48,1
39.47,89.38,17.22,473.85,82.88,33.25,1
38.46,49.39,20.09,528.1,71.12,67.28,0
38.66,72.9,25.41,454.01,58.96,80.48,0
38.01,61.36,22.16,426.08,61.0,82.65,0
39.87,90.66,12.04,372.65,87.48,30.73,1
37.84,57.21,20.63,480.09,66.73,78.68,0
38.31,51.64,23.23,453.2,79.39,79.17,0
38.8,61.91,20.93,436.93,64.93,55.06,0
38.83,65.8,18.41,452.55,64.78,82.81,0
40.51,90.88,6.01,439.52,79.73,31.18,1
38.75,62.84,22.38,499.57,66.19,85.83,0
38.71,57.98,20.35,505.33,68.31,76.46,0
38.01,68.71,22.01,466.54,64.58,63.7,0
39.78,78.18,4.0,442.55,83.3,48.71,1
38.75,64.74,25.99,495.19,68.34,70.31,0
40.03,62.97,8.3,404.48,78.13,39.42,1
39.24,71.06,9.5,389.7,93.98,40.53,1
38.54,58.96,23.54,442.08,69.21,75.93,0
38.09,78.68,14.18,400.39,79.28,35.3,1
38.48,45.59,23.17,463.63,73.98,59.29,0
38.29,59.99,28.14,446.44,66.85,86.55,0
38.0,61.09,22.17,470.37,70.83,82.66,0
38.65,60.19,22.89,488.19,67.49,59.8,0
38.41,61.56,27.96,441.35,67.66,71.24,0
37.89,47.19,21.15,475.98,66.08,60.29,0
38.76,60.15,26.47,531.65,66.71,70.78,0
38.73,68.88,22.99,515.45,70.77,64.04,0
39.25,47.33,17.99,454.95,68.03,61.39,0
39.37,68.73,8.86,440.01,84.65,44.45,1
37.84,68.9,25.58,495.37,61.12,64.28,0
39.86,96.64,6.82,362.53,101.65,32.13,1
38.62,60.0,23.32,444.87,64.96,75.74,0
39.11,64.35,21.19,480.03,64.46,70.62,0
40.45,58.15,11.36,335.27,82.58,33.72,1
39.68,59.88,11.06,428.2,85.13,39.08,1
38.8,55.96,19.34,491.89,65.26,71.14,0
38.74,64.66,20.48,488.97,65.82,74.94,0
38.41,60.32,26.02,448.36,60.02,81.7,0
38.77,57.08,22.25,478.2,67.07,74.3,0
40.08,73.29,13.27,406.41,73.87,26.68,1
38.42,64.01,13.03,476.21,56.99,68.46,0
38.21,58.23,20.67,527.28,74.44,81.63,0
38.58,73.03,17.18,498.31,64.73,81.54,0
38.71,60.56,23.92,495.25,59.49,60.99,0
38.7,61.45,19.46,519.16,67.15,85.66,0
38.98,47.57,18.54,393.21,67.48,74.67,0
38.68,57.14,18.28,498.94,56.43,75.79,0
40.54,100.0,9.23,382.73,81.37,51.53,1
39.11,81.85,7.26,413.33,99.74,44.04,1
38.05,55.81,16.99,502.08,53.83,89.97,0
39.79,75.79,9.22,370.98,97.81,36.37,1
40.09,71.75,4.74,370.69,81.14,60.14,1
40.48,85.8,8.48,499.42,83.87,7.51,1
38.28,66.49,21.0,468.53,71.3,69.96,0
41.22,75.12,10.58,425.76,85.03,51.95,1
39.02,59.34,23.1,420.04,67.33,83.81,0
38.96,60.05,24.28,462.79,73.11,69.38,0
39.86,79.39,15.51,418.13,97.72,55.11,1
38.76,74.99,21.84,452.85,82.68,70.6,0
38.92,61.71,19.14,384.52,60.94,60.28,0
40.24,83.79,15.56,364.09,108.6,28.12,1
39.25,58.2,20.77,479.78,72.63,77.92,0
38.8,58.75,21.11,480.61,72.88,71.13,0
38.48,47.49,26.77,535.56,57.38,62.82,0
38.07,51.17,24.09,499.5,65.8,78.15,0
38.48,55.06,23.27,527.37,58.63,72.08,0
40.23,83.85,10.71,472.05,79.74,44.11,1
40.72,76.4,11.73,417.02,94.66,29.6,1
38.47,59.11,19.71,509.26,68.95,68.31,0
38.28,58.52,17.41,555.91,67.69,72.46,0
38.6,67.6,29.28,440.19,76.74,79.73,0
38.16,51.57,20.19,477.76,65.44,67.39,0
38.32,53.9,18.47,477.56,76.83,63.53,0
39.61,86.36,6.41,434.47,93.52,36.09,1
38.3,49.35,24.58,445.98,65.63,72.34,0
40.62,70.5,2.3,426.29,83.5,29.42,1
39.47,69.49,6.95,425.41,82.93,48.61,1
39.7,84.13,12.49,419.97,95.84,40.87,1
39.26,85.27,11.54,300.0,77.53,45.05,1
38.51,64.36,15.03,495.34,69.28,33.55,1
38.43,42.77,26.13,544.17,70.46,77.48,0
38.46,40.61,24.69,481.97,67.54,70.9,0
37.59,88.06,6.3,458.31,87.26,71.23,1
39.19,86.6,5.0,438.03,81.73,26.45,1
38.52,71.36,22.76,453.31,67.45,77.48,0
38.4,54.52,23.4,418.2,66.82,64.09,0
40.0,59.25,10.64,420.29,85.75,13.89,1
40.32,74.14,14.2,467.1,69.85,57.07,1
40.73,69.18,15.64,434.6,80.93,27.64,1
38.54,46.7,22.96,499.74,67.89,67.61,0
38.78,65.89,22.76,455.67,71.97,86.12,0
38.38,63.15,26.36,473.99,70.16,67.84,0
38.65,58.82,21.81,510.56,71.99,62.95,0
39.34,87.14,10.13,466.11,77.07,37.75,1
37.78,68.69,22.76,436.18,67.95,77.26,0
39.93,66.88,16.17,352.94,76.22,22.67,1
38.87,50.32,26.46,494.57,79.72,87.0,0
37.98,59.73,19.11,538.13,69.71,71.82,0
38.8,53.45,28.04,546.76,69.24,82.67,0
38.35,58.65,25.15,486.18,61.8,88.96,0
39.14,61.35,16.39,425.06,67.11,69.76,0
38.81,54.7,24.49,523.28,71.26,62.31,0
38.32,57.54,25.84,493.94,72.85,88.38,0
39.05,67.37,20.76,470.82,65.17,65.78,0
38.17,64.11,20.99,529.98,70.4,80.53,0
38.92,53.84,21.3,488.51,65.35,87.26,0
40.16,80.08,10.56,415.41,87.92,41.02,1
39.25,60.23,30.85,459.02,65.52,93.7,0
38.41,69.82,21.39,428.84,69.63,69.23,0
38.84,63.7,26.16,490.05,69.61,73.75,0
38.24,63.93,18.9,441.28,76.12,68.95,0
38.76,77.32,21.98,483.91,66.81,64.56,0
40.16,82.06,5.9,410.97,87.48,32.02,1
38.74,60.06,21.85,425.4,74.22,70.78,0
37.99,65.67,20.15,458.69,69.91,70.14,0
39.18,94.3,3.16,403.28,95.57,32.73,1
39.78,78.93,9.14,443.67,77.59,34.77,1
38.59,93.38,15.11,369.76,87.82,40.09,1
38.73,64.92,21.81,488.3,69.05,81.46,0
38.52,66.88,22.59,521.44,71.66,73.53,0
38.4,61.28,24.14,481.01,71.78,67.17,0
39.33,97.12,11.79,524.52,76.06,35.78,1
38.02,57.57,24.87,530.88,73.97,85.04,0
39.97,93.2,7.7,329.92,99.71,49.49,1
39.04,47.89,27.66,441.21,68.46,78.37,0
39.52,80.81,10.51,437.45,85.31,34.5,1
38.9,51.3,19.85,512.91,74.36,80.86,0
40.07,66.43,8.3,444.41,85.23,28.09,1
38.31,64.47,22.23,465.6,65.62,75.39,0
40.62,87.96,3.37,430.22,76.54,23.59,1
38.22,59.95,20.52,528.73,65.15,73.7,0
38.4,68.26,27.26,491.64,69.47,64.97,0
38.55,65.78,24.04,492.07,63.03,75.91,0
38.7,63.98,16.76,494.28,70.03,67.41,0
38.17,57.83,23.87,487.46,62.35,63.01,0
38.47,65.56,16.5,543.71,73.9,76.55,0
38.84,69.89,24.71,511.87,65.04,75.31,0
39.48,59.93,19.8,484.0,75.84,78.81,0
38.85,64.76,4.31,430.21,65.22,5.1,1
37.73,59.8,23.45,422.56,65.41,83.33,0
38.45,55.35,18.12,440.4,71.43,92.62,0
39.38,44.2,23.45,503.31,65.49,68.78,0
37.95,67.97,20.13,444.29,71.66,65.7,0
38.23,44.05,21.8,497.79,70.66,72.09,0
38.18,61.91,18.56,374.77,76.37,72.05,0
38.64,54.12,24.05,474.31,68.73,81.94,0
40.23,74.79,6.26,411.96,73.83,39.78,1
39.21,81.16,8.08,392.37,75.59,22.19,1
38.69,55.15,25.67,433.11,67.26,90.62,0
38.37,57.58,24.76,473.63,74.15,70.43,0
38.17,66.54,25.41,432.23,71.06,63.2,0
38.48,59.79,24.14,443.97,70.05,87.31,0
38.08,58.29,23.67,399.26,75.67,89.95,0
38.41,61.07,20.18,435.22,72.97,87.39,0
39.93,84.29,11.63,364.67,95.03,40.93,1
40.17,78.87,9.99,394.46,94.72,32.3,1
38.05,58.65,20.6,545.53,70.14,53.6,0
39.8,65.91,17.15,429.71,77.89,38.83,1
38.48,70.98,25.08,511.36,78.49,69.63,0
38.67,58.73,20.78,480.7,66.82,70.11,0
39.21,69.91,22.05,474.0,73.61,61.45,0
38.65,58.5,20.23,508.03,65.0,68.87,0
39.09,86.64,10.06,449.45,82.55,39.52,1
38.28,62.1,25.56,417.94,74.89,70.05,0
39.57,82.31,11.32,448.61,86.78,39.02,1
38.6,57.68,21.16,493.3,62.4,75.7,0
39.49,84.57,0.0,394.56,81.75,30.25,1
38.89,63.74,18.94,500.13,66.23,77.66,0
40.89,82.66,7.35,478.72,80.09,47.45,1
38.36,58.6,21.01,443.35,62.86,65.93,0
39.1,57.32,21.27,447.62,69.54,76.08,0
37.45,69.7,22.91,477.41,64.96,88.66,0
39.32,61.64,16.06,408.04,92.79,58.06,1
39.42,74.73,12.83,416.93,87.51,38.87,1
38.32,39.5,25.37,493.93,70.78,89.01,0
39.0,83.85,6.19,503.89,88.44,40.53,1
40.25,77.24,15.98,400.16,97.99,20.64,1
39.32,80.87,11.15,489.52,75.09,36.23,1
39.52,64.17,20.62,491.06,64.88,77.38,0
38.51,64.71,22.42,436.81,68.47,74.54,0
38.88,53.38,20.63,556.94,63.41,81.74,0
38.75,62.26,25.21,464.1,79.97,82.75,0
39.92,63.76,13.04,448.64,85.32,53.19,1
37.93,63.16,18.3,546.14,76.04,82.75,0
38.41,52.61,19.25,453.97,68.2,91.97,0
38.03,57.56,15.34,572.32,66.12,68.3,0
39.26,98.52,14.21,465.04,79.25,30.35,1
38.35,66.24,26.9,436.81,65.5,75.99,0
38.66,60.17,24.71,422.67,67.07,83.05,0
39.16,59.2,9.72,450.9,81.12,18.25,1
39.38,66.41,10.41,452.28,81.54,45.42,1
38.34,60.65,18.23,514.89,62.68,75.58,0
38.08,80.64,21.48,509.77,71.1,67.87,0
39.11,77.14,6.85,371.71,67.85,21.88,1
39.51,92.02,2.3,439.52,77.05,33.54,1
38.29,69.5,20.18,475.83,72.1,56.98,0
38.55,53.7,21.42,434.9,70.52,83.39,0
38.65,70.31,15.42,389.01,84.21,50.43,1
39.65,86.41,12.92,395.75,92.49,49.42,1
38.7,61.0,19.83,447.04,70.54,66.09,0
40.98,89.21,6.35,491.43,89.33,19.82,1
37.34,52.02,20.12,422.19,55.39,73.98,0
38.25,64.28,23.5,518.21,76.36,56.06,0
39.77,66.58,5.67,428.32,84.6,72.58,1
39.09,65.66,27.98,487.15,63.74,84.77,0
40.32,82.4,9.73,419.18,75.14,30.58,1
38.06,55.5,24.33,456.06,67.08,75.24,0
40.59,74.9,14.12,431.34,89.13,48.57,1
38.76,52.81,21.67,424.29,82.64,75.1,0
38.78,64.75,19.16,410.31,67.99,74.74,0
40.47,77.01,12.69,459.95,78.06,46.93,1
39.34,71.03,1.37,402.11,96.06,65.62,1
40.51,79.02,9.62,399.94,72.53,38.43,1
39.95,71.66,9.48,431.52,97.11,32.48,1
38.32,56.14,21.71,425.33,79.91,79.17,0
38.83,80.12,14.3,300.0,79.97,56.27,1
39.37,82.36,5.77,474.16,97.47,36.39,1
39.44,71.7,15.66,383.36,71.06,39.06,1
38.44,64.29,18.74,474.38,71.22,67.84,0
38.78,56.21,16.15,540.37,64.44,60.96,0
37.97,58.19,6.94,383.6,92.64,33.41,1
39.13,74.4,19.46,494.01,69.64,63.04,0
38.06,64.31,23.45,494.93,64.56,72.08,0
38.25,54.74,23.92,525.99,67.35,75.26,0
40.51,62.8,7.81,435.15,70.38,56.44,1
37.85,53.29,26.23,487.3,60.0,90.04,0
38.81,48.12,23.3,472.74,73.2,73.24,0
38.4,55.22,19.23,422.26,56.67,75.42,0
38.88,49.15,17.35,483.47,63.02,85.2,0
39.54,61.48,10.75,433.28,80.79,42.21,1
38.44,63.94,24.64,480.06,68.01,75.27,0
39.76,74.6,6.09,390.18,87.17,60.17,1
39.16,86.82,14.87,413.86,91.85,55.15,1
39.49,89.65,8.1,406.25,90.13,45.84,1
38.77,87.48,14.23,428.42,90.24,62.44,1
38.72,74.0,18.56,463.39,65.9,68.3,0
38.08,80.72,20.38,495.73,70.12,77.69,0
37.67,50.45,23.35,472.12,66.86,86.7,0
38.31,45.91,24.56,473.95,62.39,57.36,0
38.3,48.45,15.54,446.19,62.97,69.17,0
38.27,60.69,22.54,449.02,76.66,81.04,0
38.76,57.37,27.28,506.31,64.13,68.12,0
38.98,60.18,25.31,527.21,65.76,58.74,0
40.4,75.37,2.93,389.69,90.49,58.6,1
39.95,92.11,8.05,406.58,88.16,42.31,1
39.29,70.54,20.41,510.0,74.26,71.95,0
39.3,74.38,4.54,432.09,94.49,54.84,1
39.02,89.63,11.24,474.54,86.33,42.91,1
38.74,51.07,22.67,521.18,69.69,83.68,0
38.73,70.25,23.37,458.49,65.41,96.34,0
39.26,63.91,20.73,448.85,66.44,65.32,0
38.91,60.78,21.2,467.31,72.76,66.78,0
39.6,66.75,12.96,420.28,106.71,37.44,1
38.76,71.38,22.69,484.3,59.35,70.79,0
38.11,63.97,21.89,433.85,64.25,67.93,0
38.27,73.68,20.82,480.17,71.85,66.81,0
39.84,72.96,5.39,477.09,84.21,22.58,1
38.0,72.79,23.75,485.05,64.74,84.02,0
39.02,77.29,9.38,428.11,84.19,46.3,1
40.08,94.0,11.23,438.0,83.14,39.9,1
38.51,68.78,22.94,468.6,72.17,78.81,0
37.83,66.33,26.04,458.43,67.4,70.74,0
39.08,62.35,21.47,493.9,65.93,83.95,0
39.1,69.01,22.06,400.18,69.25,73.28,0
39.33,94.63,10.26,396.56,77.92,44.04,1
38.38,53.57,19.73,470.42,82.59,62.64,0
39.22,49.94,22.53,430.83,67.6,74.38,0
38.74,66.9,21.01,487.92,69.96,72.88,0
38.69,47.98,23.33,454.18,80.5,79.08,0
39.13,65.85,24.67,363.43,65.9,84.79,0
38.55,67.9,21.77,456.14,77.44,66.47,0
39.76,78.66,12.42,422.1,91.39,30.16,1
40.54,79.52,18.14,413.69,68.62,11.41,1
40.07,94.41,10.06,467.11,85.71,29.01,1
39.64,77.12,12.79,476.34,79.89,30.23,1
39.53,75.63,9.95,408.34,76.71,58.11,1
40.43,73.76,3.34,428.68,94.16,29.69,1
39.7,72.45,11.63,375.87,90.25,34.37,1
40.64,74.88,8.67,402.31,107.33,20.13,1
39.65,62.47,7.82,416.57,69.83,24.24,1
39.24,50.23,26.51,416.21,60.53,68.48,0
37.7,57.53,24.08,476.65,72.84,85.69,0
38.54,61.28,22.96,505.82,71.43,73.65,0
38.91,66.64,24.21,488.02,65.45,63.61,0
39.17,80.35,11.72,464.64,85.72,31.25,1
37.67,58.28,27.11,459.05,69.91,69.67,0
40.17,89.43,18.05,381.93,88.37,44.76,1
38.38,63.35,22.72,396.54,72.74,83.21,0
38.69,71.93,19.24,485.8,73.61,75.28,0
38.38,65.59,22.99,500.75,61.4,49.23,0
37.62,64.73,23.72,444.86,67.05,74.92,0
40.4,97.84,10.79,446.96,93.66,54.19,1
38.35,49.53,24.09,517.83,70.38,79.46,0
39.81,74.23,11.25,399.73,85.04,46.08,1
38.24,63.28,17.45,477.49,66.71,83.52,0
40.29,76.55,6.76,390.25,75.32,55.64,1
37.94,62.41,18.55,497.13,66.94,85.18,0
38.64,61.41,19.69,502.13,66.16,74.8,0
39.19,54.81,16.67,494.25,65.02,84.1,0
39.05,68.31,18.38,514.27,76.56,69.34,0
38.33,61.68,24.34,484.1,63.95,73.62,0
39.08,83.3,8.27,380.41,84.38,29.05,1
38.4,57.42,19.27,484.53,71.92,79.93,0
40.37,63.23,13.69,422.64,92.8,55.44,1
39.51,74.0,9.76,431.29,88.35,49.91,1
40.2,81.06,8.45,397.33,68.69,45.54,1
38.39,50.45,21.13,488.38,76.52,69.0,0
38.47,49.02,21.1,448.72,62.96,71.95,0
38.16,56.86,21.89,483.91,60.53,69.1,0
37.97,64.55,20.69,475.05,74.75,81.56,0
38.66,64.01,18.37,495.34,69.29,77.28,0
38.54,63.11,21.96,501.33,63.89,80.96,0
38.47,80.07,6.81,383.02,75.41,49.5,1
39.89,83.7,1.94,488.61,95.45,39.44,1
39.22,57.47,26.07,500.56,68.1,67.81,0
39.88,72.56,5.16,426.45,70.9,46.46,1
39.64,79.47,11.08,386.2,101.05,31.42,1
38.52,53.53,20.39,501.08,60.4,84.53,0
38.9,62.09,21.9,491.8,72.29,58.43,0
40.41,71.82,5.73,430.08,88.0,32.66,1
39.85,79.63,7.7,403.74,91.56,30.0,1
37.95,61.44,22.86,482.89,69.39,72.14,0
38.67,50.64,26.66,466.02,64.54,76.11,0
38.72,67.12,25.72,396.39,70.17,72.73,0
38.26,67.71,25.37,418.29,72.62,59.28,0
40.73,70.6,10.33,367.27,87.17,38.47,1
40.62,78.8,13.2,366.76,88.59,37.47,1
40.16,70.1,11.17,479.23,90.55,33.45,1
38.07,71.92,26.89,503.37,69.83,83.67,0
38.2,52.92,21.3,457.88,75.26,78.51,0
39.34,74.02,9.38,457.02,86.83,44.56,1
38.72,51.97,25.02,402.03,61.91,74.17,0
40.38,73.11,1.99,488.33,96.86,48.15,1
39.57,80.61,12.13,399.03,87.15,28.99,1
38.6,60.33,28.26,456.44,72.28,69.51,0
39.09,56.2,15.61,536.82,70.28,67.75,0
39.08,61.85,22.23,441.35,61.22,69.65,0
37.7,71.21,21.86,530.9,73.41,74.49,0
38.66,44.24,23.57,495.46,62.48,79.01,0
38.16,53.98,22.28,451.36,60.44,72.92,0
38.13,45.82,24.53,398.55,63.14,82.15,0
38.49,58.0,22.61,536.98,66.61,87.29,0
39.36,58.66,27.1,441.2,71.58,73.23,0
38.66,56.28,16.81,510.19,74.58,76.18,0
39.99,84.79,1.76,501.52,93.25,70.55,1
40.38,71.63,10.28,442.7,79.39,69.11,1
38.22,57.05,23.92,420.11,67.38,84.34,0
40.17,85.93,12.9,405.98,78.99,41.47,1
38.72,87.21,10.19,412.07,96.98,26.16,1
40.1,68.94,7.49,408.52,87.81,32.48,1
38.68,57.17,26.2,509.7,65.13,82.03,0
40.49,88.31,13.07,442.46,86.94,60.13,1
38.05,69.54,17.99,473.69,65.0,67.49,0
38.6,68.69,17.95,496.96,69.34,79.27,0
40.28,100.0,11.0,511.0,76.74,43.3,1
37.75,60.99,16.54,519.46,65.56,76.75,0
38.73,46.34,25.22,469.89,74.12,74.09,0
38.2,68.94,18.19,387.19,70.23,86.0,0
38.83,62.61,26.26,495.82,68.34,83.09,0
38.22,53.37,26.77,477.7,69.01,82.18,0
39.09,58.49,20.84,415.33,63.39,64.83,0
39.5,72.96,6.25,371.6,72.02,58.65,1
39.19,68.13,14.89,444.73,79.12,39.16,1
40.27,78.2,15.11,432.08,104.64,35.34,1
38.77,55.6,17.32,478.64,65.18,76.44,0
40.0,71.42,6.0,464.45,91.89,24.1,1
38.25,66.6,23.81,460.2,67.12,66.04,0
38.91,81.15,22.12,498.92,67.2,79.92,0
38.56,55.03,19.73,525.12,71.13,74.35,0
38.29,62.71,25.65,439.21,63.91,62.95,0
38.4,55.36,23.39,465.13,71.72,70.2,0
38.83,61.13,24.16,482.91,62.93,68.83,0
38.52,78.23,5.62,344.31,71.85,53.11,1
37.98,51.5,22.65,517.3,72.86,81.27,0
38.31,51.92,19.45,481.14,65.86,81.47,0
38.51,54.65,26.39,406.75,74.89,73.74,0
38.93,75.81,22.42,470.97,60.53,78.69,0
38.8,85.1,9.25,398.6,74.3,38.63,1
40.14,90.37,14.29,442.65,78.35,31.4,1
40.36,45.58,8.77,399.4,74.11,45.75,1
38.3,53.98,22.23,460.16,72.02,85.63,0
38.43,60.61,24.23,450.88,63.87,80.78,0
39.31,89.54,12.12,425.58,70.13,30.36,1
37.95,60.71,24.64,531.8,64.79,64.2,0
40.29,58.94,7.69,369.63,79.95,54.49,1
39.45,82.24,10.48,426.18,73.23,43.59,1
38.53,52.9,22.29,418.69,69.67,65.33,0
38.58,73.42,21.61,466.44,65.66,81.9,0
39.99,64.23,6.62,445.89,90.1,23.5,1
38.49,66.35,21.72,510.38,73.45,81.91,0
38.97,74.24,9.09,381.28,60.22,5.0,1
38.73,70.95,8.79,400.61,77.12,23.38,1
37.53,61.48,19.11,552.82,66.22,83.02,0
39.82,68.84,10.18,451.56,100.78,36.96,1
39.17,68.69,23.42,397.46,61.84,98.48,0
38.84,54.58,20.63,463.5,71.42,66.39,0
38.58,58.47,28.96,444.09,58.48,74.75,0
38.46,61.35,19.85,538.49,65.94,65.54,0
38.19,71.17,27.45,475.95,76.18,81.22,0
38.27,59.56,20.18,492.3,62.77,81.56,0
40.83,95.52,8.29,352.16,77.63,42.58,1
40.09,84.25,8.04,393.12,87.9,26.72,1
38.28,68.81,22.22,547.98,67.1,66.64,0
37.89,67.06,27.22,440.6,67.12,60.57,0
38.87,65.2,21.45,485.05,68.19,67.98,0
39.08,61.47,19.04,434.69,67.51,70.22,0
38.7,83.11,5.15,509.36,79.06,47.3,1
38.54,42.79,17.44,554.27,66.09,83.72,0
38.42,60.08,21.62,520.51,61.64,73.34,0
38.55,53.99,23.11,507.85,65.46,86.81,0
40.0,76.88,0.44,424.46,76.48,43.04,1
37.93,63.73,22.39,480.57,59.88,81.61,0
38.67,45.57,23.67,484.42,63.74,74.52,0
39.39,83.23,9.2,470.98,95.93,46.89,1
38.71,42.78,16.24,473.93,71.18,74.68,0
38.24,57.38,22.69,499.23,75.24,95.24,0
40.2,73.07,15.51,424.3,87.01,36.6,1
39.53,79.46,14.76,344.91,84.25,50.09,1
38.92,54.77,20.88,413.08,71.19,77.93,0
38.15,64.11,21.14,474.71,71.48,74.47,0
39.17,77.17,8.9,373.81,75.06,62.67,1
40.22,86.85,12.57,406.52,84.14,50.96,1
38.31,54.46,26.61,484.45,58.43,78.57,0
37.81,64.95,23.72,396.89,73.15,75.93,0
39.35,61.8,23.01,477.44,72.78,70.25,0
37.98,45.77,20.76,454.33,64.71,71.92,0
37.97,52.56,23.81,464.0,69.53,75.27,0
40.03,78.61,10.12,430.18,94.18,50.48,1
38.36,64.37,16.55,500.34,65.94,78.79,0
40.29,83.27,5.97,399.44,93.44,28.89,1
39.59,87.02,10.13,445.69,86.95,21.7,1
38.68,59.88,22.43,504.22,66.08,69.44,0
38.28,53.06,22.89,460.1,68.41,68.96,0
38.76,61.47,24.77,479.11,70.52,62.48,0
38.76,59.39,18.77,547.1,70.62,70.69,0
38.96,75.94,8.49,395.62,87.17,43.94,1
38.22,63.05,24.67,503.65,68.1,64.24,0
38.44,47.24,20.41,495.53,68.25,75.67,0
40.04,61.95,14.18,473.53,100.62,32.52,1
38.92,65.49,22.88,366.71,65.04,68.74,0
38.8,59.28,27.55,465.09,66.7,69.37,0
39.26,80.64,11.33,389.31,81.13,56.61,1
38.58,62.13,21.56,467.61,71.42,78.24,0
38.25,58.44,21.71,453.1,69.37,88.2,0
40.65,78.81,11.32,367.38,78.55,45.03,1
38.55,62.28,23.37,447.02,67.87,73.44,0
39.73,71.71,8.62,442.59,92.74,42.57,1
39.29,85.15,12.54,402.92,85.14,38.55,1
39.58,67.32,12.29,425.24,94.15,41.36,1
40.93,66.35,11.08,424.5,81.1,36.39,1
38.72,57.92,24.24,474.51,62.01,74.4,0
38.53,65.07,21.31,400.87,63.77,94.94,0
38.49,67.31,22.59,476.28,68.69,92.17,0
39.76,89.36,5.1,491.52,96.53,40.14,1
39.93,60.43,9.11,362.19,84.05,29.81,1
39.67,97.13,6.63,432.31,80.18,63.42,1
38.17,59.78,23.24,495.17,65.13,67.59,0
37.68,53.23,19.23,423.35,70.53,54.05,0
39.05,52.62,20.25,474.2,71.49,55.95,0
38.41,62.15,22.25,475.05,78.21,65.43,0
38.59,58.7,23.35,522.31,62.82,85.71,0
39.77,78.6,11.34,528.07,79.98,58.02,1
38.86,87.25,16.15,330.07,65.96,20.36,1
38.58,64.84,20.79,399.2,75.21,75.26,0
39.81,74.9,1.79,410.31,94.11,25.59,1
38.37,66.71,26.33,522.29,67.38,68.03,0
38.92,57.5,21.33,507.45,81.52,85.77,0
38.48,62.78,21.73,506.09,64.82,84.65,0
38.79,60.68,23.49,518.05,61.0,63.32,0
39.6,89.08,10.83,390.58,83.84,26.75,1
39.17,89.07,12.26,359.48,89.92,34.11,1
38.63,57.93,25.13,437.8,67.36,82.98,0
39.67,87.61,7.55,423.9,70.83,39.97,1
39.22,63.41,23.52,468.9,83.49,81.15,0
38.59,66.07,23.17,462.07,72.85,68.03,0
38.64,47.98,20.93,461.23,73.46,63.74,0
39.62,71.66,8.14,386.11,74.76,29.84,1
39.3,86.98,9.85,487.43,102.77,50.06,1
37.84,63.46,27.49,503.41,75.7,80.5,0
38.64,48.75,22.79,491.13,65.07,72.7,0
37.94,62.96,25.21,508.14,61.09,63.8,0
39.03,76.86,10.34,397.53,74.29,48.11,1
39.55,100.0,18.18,384.14,82.39,25.24,1
40.19,74.19,12.69,417.64,99.72,30.96,1
40.99,79.05,11.18,417.66,72.33,33.36,1
38.07,61.61,26.17,483.19,74.82,63.74,0
38.33,70.52,18.68,483.37,66.63,86.22,0
39.05,63.37,26.35,499.83,71.86,78.16,0
38.92,51.2,15.35,484.47,62.5,80.5,0
38.29,58.84,23.28,522.88,67.48,67.74,0
38.4,42.62,19.81,542.35,63.97,68.91,0
38.33,62.3,19.05,500.18,66.27,68.9,0
40.5,79.92,17.93,446.96,85.55,43.71,1
39.42,56.59,16.99,371.26,83.21,53.34,1
40.08,81.32,3.18,339.8,84.27,55.56,1
38.1,68.48,20.41,524.16,68.68,80.49,0
38.67,66.4,20.77,500.6,65.23,74.29,0
38.49,51.48,22.26,609.72,73.31,81.58,0
37.76,62.46,24.54,517.65,76.45,61.32,0
40.05,90.67,7.31,400.25,85.83,33.14,1
38.36,54.58,14.19,456.94,74.96,84.95,0
37.96,66.46,20.75,408.75,64.3,78.54,0
38.8,58.5,19.45,475.75,74.46,72.25,0
38.51,71.14,20.33,446.56,64.86,64.85,0
39.63,82.09,12.91,437.38,79.57,18.31,1
37.84,62.89,23.34,432.82,64.94,71.85,0
38.19,55.77,21.41,531.63,62.36,71.59,0
38.32,50.43,23.66,485.6,67.9,82.74,0
38.52,54.64,19.43,521.42,75.0,89.53,0
38.3,55.41,17.97,454.5,66.59,78.84,0
39.42,70.89,26.11,530.22,63.3,68.06,0
38.61,40.49,19.37,514.0,71.47,83.76,0
38.32,60.27,22.88,490.35,57.11,75.02,0
38.65,70.16,15.31,410.44,89.12,36.94,1
39.36,72.0,10.88,416.54,79.57,53.52,1
37.68,63.7,19.59,487.85,55.47,82.7,0
38.29,64.93,25.51,461.55,68.9,79.41,0
38.89,61.56,24.33,485.41,66.13,65.65,0
38.76,87.78,11.07,390.85,85.09,35.4,1
41.05,89.88,8.7,335.86,84.58,28.64,1
38.41,60.39,27.02,511.29,66.69,73.29,0
38.24,49.65,21.7,532.47,77.09,73.13,0
39.81,67.84,3.54,347.66,82.4,24.39,1
38.09,53.2,19.15,471.38,61.29,77.47,0
39.45,80.36,11.37,387.22,105.06,31.89,1
39.68,64.72,13.45,462.99,78.97,33.39,1
38.46,63.62,18.5,491.99,71.27,82.21,0
38.52,65.76,22.59,545.4,65.95,80.72,0
38.33,50.81,15.68,524.23,69.9,91.48,0
38.1,55.93,18.24,469.1,62.96,60.84,0
39.87,92.55,9.52,382.37,84.03,21.39,1
38.49,58.64,22.75,544.59,70.0,59.42,0
40.26,100.0,3.82,406.42,70.59,47.79,1
39.79,69.1,12.3,373.44,83.78,15.83,1
38.83,45.07,17.8,446.2,60.98,79.86,0
38.62,58.2,28.27,421.03,70.17,77.06,0
39.14,65.55,18.67,445.27,59.67,85.93,0
39.56,77.44,12.74,335.7,79.72,46.93,1
38.83,54.06,24.73,472.98,70.16,76.27,0
38.63,62.65,19.25,496.32,54.88,86.02,0
38.88,82.29,13.98,379.96,62.52,54.11,1
38.51,39.76,16.27,456.18,73.59,68.54,0
38.19,64.04,27.73,457.54,69.49,75.87,0
40.17,93.28,9.8,427.46,80.21,51.71,1
38.65,63.37,23.43,478.48,63.53,71.53,0
39.05,55.71,22.69,432.68,72.26,90.18,0
38.39,58.09,20.09,502.88,74.45,75.3,0
38.23,59.39,18.41,468.03,67.18,74.59,0
38.06,67.35,19.65,436.33,62.46,77.7,0
39.0,54.18,22.9,494.43,72.63,63.53,0
38.48,59.04,23.08,448.91,74.17,82.06,0
38.54,69.77,27.86,554.22,61.1,84.87,0
37.94,77.16,18.02,515.79,66.6,82.71,0
38.01,59.79,21.44,448.84,56.08,75.13,0
38.01,73.11,20.89,490.67,68.46,75.55,0
38.51,53.04,22.65,416.66,68.29,78.38,0
39.66,55.44,8.4,487.9,95.89,35.83,1
38.29,69.91,25.75,446.23,72.76,74.9,0
40.12,76.62,10.92,385.42,85.01,45.25,1
38.44,73.0,19.5,454.8,65.47,77.45,0
38.93,79.3,22.59,460.49,65.83,77.06,0
38.35,51.46,21.31,493.52,63.99,80.57,0
38.16,68.45,25.99,503.66,67.85,91.51,0
40.47,95.44,17.39,430.74,91.79,37.09,1
38.96,69.89,22.47,457.38,66.33,69.31,0
39.05,60.55,21.32,509.57,62.15,63.17,0
38.37,54.79,19.65,513.13,73.36,78.98,0
40.27,92.85,3.2,425.14,88.74,39.59,1
38.2,56.9,28.2,460.46,68.83,80.0,0
38.72,67.63,19.66,455.7,73.84,80.48,0
39.42,71.16,15.59,392.33,91.88,38.7,1
38.85,57.93,23.15,464.51,72.55,85.57,0
38.62,55.39,19.4,452.31,69.63,80.8,0
39.03,61.97,16.94,548.76,70.58,76.86,0
38.98,57.57,25.17,491.86,73.64,61.19,0
39.35,58.68,6.72,450.51,85.0,27.12,1
38.3,63.54,20.83,500.8,71.28,58.6,0
38.79,62.24,22.93,488.13,71.73,76.15,0
39.12,80.57,9.59,384.71,89.33,26.28,1
38.36,64.41,22.81,451.52,75.94,85.31,0
40.26,92.15,8.39,413.04,83.07,31.72,1
38.63,62.23,23.02,468.63,63.63,76.55,0
38.27,58.85,23.82,522.79,69.19,86.98,0
39.31,84.28,9.2,414.69,88.54,36.72,1
40.26,91.34,7.41,419.68,88.93,28.24,1
39.56,78.52,18.63,358.37,83.92,44.62,1
38.65,68.91,20.23,510.55,66.85,65.95,0
38.81,58.48,28.5,488.38,61.84,64.48,0
39.46,77.36,11.88,377.48,107.69,30.1,1
38.32,63.68,25.71,503.45,57.5,83.66,0
38.78,54.72,21.52,508.06,79.16,85.82,0
38.4,76.19,21.78,501.83,69.49,82.57,0
41.06,90.69,18.03,535.77,96.13,34.11,1
40.71,88.07,6.66,409.98,88.2,57.59,1
38.19,62.14,23.46,499.76,60.34,68.52,0
38.75,65.42,23.12,473.99,62.01,82.71,0
38.28,55.59,25.27,474.8,70.51,63.47,0
38.09,52.0,15.75,503.82,68.4,82.98,0
39.7,75.66,8.2,532.64,101.25,37.43,1
39.27,83.94,14.13,479.11,78.03,38.82,1
38.81,91.8,14.78,420.42,84.57,35.8,1
39.79,73.76,8.75,474.75,82.2,22.59,1
38.11,61.52,24.01,404.4,66.9,76.15,0
39.94,65.96,14.6,404.92,80.34,47.71,1
38.64,59.35,21.34,481.42,66.07,58.35,0
38.73,69.74,19.19,465.48,60.65,83.3,0
38.69,63.13,22.01,561.68,73.3,67.66,0
39.41,87.46,8.85,422.87,79.17,42.73,1
38.68,48.4,25.44,429.44,68.86,77.38,0
38.09,54.61,23.65,440.57,74.6,92.43,0
39.15,81.88,7.87,425.57,52.67,56.74,1
38.53,54.59,22.16,499.21,69.8,64.02,0
40.19,93.69,7.76,409.94,88.34,22.6,1
38.73,67.8,22.26,495.54,66.63,62.36,0
39.61,76.29,13.19,334.0,70.45,56.44,1
38.58,62.31,18.39,476.33,62.82,74.11,0
40.31,77.67,10.72,486.5,82.22,18.1,1
38.67,58.02,20.4,475.77,66.67,75.44,0
39.4,82.58,12.44,459.85,84.88,58.58,1
39.4,86.31,6.04,463.67,90.88,62.35,1
38.68,64.46,19.06,506.22,72.27,75.78,0
39.66,79.03,8.26,417.21,102.31,36.0,1
38.0,56.8,24.2,444.39,62.65,83.15,0
38.77,52.95,16.35,441.43,66.62,87.58,0
40.46,86.3,8.03,431.05,81.28,31.14,1
38.94,44.27,19.42,526.87,61.83,72.38,0
38.04,60.35,23.72,446.63,68.42,83.57,0
40.33,70.8,3.98,499.65,88.78,16.9,1
37.95,63.39,26.88,471.14,74.01,72.75,0
40.39,58.45,7.49,455.15,72.23,30.1,1
40.06,84.82,16.1,349.58,88.99,47.26,1
38.77,57.79,20.56,499.24,68.07,69.95,0
37.72,55.57,24.48,494.8,64.21,61.44,0
37.94,59.59,19.31,457.57,74.64,73.56,0
38.85,60.83,18.58,544.65,65.27,70.56,0
40.03,100.0,7.26,414.82,87.88,39.54,1
38.27,64.37,25.69,522.16,71.62,69.69,0
40.7,76.87,3.73,309.38,84.7,57.81,1
39.57,79.87,12.07,444.22,94.63,58.53,1
38.35,63.39,25.66,487.43,70.14,67.6,0
39.56,79.85,10.32,443.2,95.75,33.68,1
37.98,58.34,21.38,476.87,67.7,74.67,0
39.65,80.38,14.31,389.79,70.64,53.69,1
39.13,99.21,11.94,466.22,93.55,47.7,1
38.89,45.79,21.66,453.38,65.77,68.16,0
38.74,80.4,6.09,429.25,87.94,32.29,1
39.56,75.57,6.74,409.44,70.22,44.73,1
39.6,85.32,8.1,439.51,77.3,31.72,1
39.4,54.04,9.53,408.93,100.41,42.63,1
39.5,75.16,11.17,327.24,92.63,48.68,1
38.88,54.6,22.56,499.49,67.06,67.41,0
39.29,76.31,8.87,424.97,85.44,41.22,1
38.11,59.88,18.96,492.88,66.41,76.15,0
38.64,57.0,22.24,439.78,70.85,75.76,0
38.11,58.16,19.91,509.24,64.01,58.48,0
39.06,62.22,24.27,436.56,59.1,89.67,0
39.32,77.68,10.43,361.16,77.71,36.56,1
38.59,69.63,22.4,510.26,74.73,69.13,0
39.13,51.98,18.96,442.58,69.99,84.31,0
38.23,64.33,27.61,530.11,71.95,68.82,0
40.72,89.21,11.65,403.48,78.02,60.11,1
40.42,78.16,1.74,416.49,92.52,22.83,1
38.17,52.2,25.77,489.27,63.11,86.4,0
38.89,64.6,26.78,518.31,70.21,79.13,0
40.0,67.2,17.48,470.55,89.56,55.4,1
40.73,64.75,12.81,490.51,87.43,40.94,1
38.18,53.95,20.16,446.52,66.13,77.8,0
40.7,64.5,4.06,409.26,87.26,47.12,1
40.27,91.39,2.7,363.69,82.92,45.13,1
38.32,57.53,21.63,573.96,74.76,86.45,0
40.22,82.46,13.9,373.6,91.1,40.09,1
38.55,55.79,18.77,496.59,60.28,61.55,0
38.74,62.99,19.85,446.97,68.74,81.84,0
38.64,45.58,16.36,493.16,74.27,67.93,0
38.52,53.61,18.99,498.91,71.85,79.03,0
38.93,79.31,13.13,390.69,71.75,49.45,1
38.71,72.01,15.38,401.26,70.44,76.03,0
38.64,77.65,6.3,424.64,79.03,35.35,1
38.76,63.66,19.1,481.05,71.22,71.18,0
39.9,83.11,10.84,375.06,89.91,35.68,1
38.31,48.78,24.43,426.02,75.14,84.12,0
39.19,56.24,20.35,482.23,55.82,72.53,0
39.85,80.05,9.52,420.66,90.22,46.52,1
38.81,63.49,27.09,539.28,74.22,87.29,0
38.11,61.56,18.69,498.41,65.67,66.21,0
38.91,80.81,25.09,435.71,66.64,77.41,0
40.04,68.54,8.8,358.12,75.53,48.11,1
38.43,65.36,27.03,447.79,66.0,69.24,0
39.8,91.83,13.49,407.69,86.03,37.69,1
39.51,60.0,19.41,432.22,63.24,76.5,0
39.4,86.96,3.88,478.55,82.22,50.41,1
40.15,98.37,8.08,393.6,55.53,37.83,1
39.04,54.8,25.46,527.14,67.54,74.69,0
38.59,63.75,21.11,516.54,68.62,75.61,0
39.41,96.95,12.14,325.38,69.86,20.07,1
37.2,58.33,23.79,479.72,66.32,73.74,0
40.91,75.12,14.71,331.04,101.45,51.73,1
39.73,66.2,11.57,430.7,86.46,48.29,1
38.89,94.16,13.1,375.05,80.4,44.45,1
38.6,50.64,17.24,456.56,69.2,90.14,0
37.89,56.87,15.74,418.5,62.0,76.03,0
38.37,58.97,23.83,406.32,64.99,66.21,0
39.76,89.84,3.87,378.52,92.64,9.72,1
40.57,61.13,4.36,466.9,90.4,36.02,1
38.53,38.37,25.62,477.58,71.07,74.87,0
39.24,82.31,10.63,470.33,88.82,29.89,1
39.13,65.72,18.72,477.88,68.68,74.46,0
39.17,62.27,20.84,525.58,64.97,78.22,0
39.69,83.82,6.37,438.11,83.71,24.99,1
38.61,55.61,25.94,441.01,68.0,73.03,0
38.01,39.57,17.87,392.92,64.3,75.51,0
39.34,64.28,13.98,381.38,84.17,46.16,1
39.99,82.13,10.7,443.23,77.99,32.67,1
38.5,54.83,23.05,480.72,68.75,72.07,0
38.47,49.92,20.22,476.82,67.02,67.02,0
40.0,82.46,16.36,437.62,74.42,36.34,1
38.44,62.08,20.81,444.49,66.98,77.39,0
39.56,80.63,7.36,355.89,72.92,42.85,1
38.59,55.14,24.04,492.74,70.09,79.79,0
40.65,72.41,12.24,471.86,92.13,43.02,1
38.69,70.41,18.04,492.65,66.89,78.33,0
37.92,53.1,26.4,436.55,73.83,53.79,0
39.79,46.61,13.53,364.78,75.46,50.32,1
37.79,47.35,25.25,445.73,66.97,68.7,0
38.57,69.53,21.07,486.72,64.36,80.47,0
37.96,70.1,20.89,481.9,70.03,68.87,0
39.48,88.31,3.91,422.7,75.16,51.66,1
38.67,57.14,25.57,440.62,64.58,85.48,0
38.56,52.23,22.63,488.48,83.56,71.19,0
40.22,85.41,9.47,395.64,82.49,44.42,1
38.92,41.63,24.63,502.14,68.24,73.49,0
38.35,56.5,21.21,472.15,75.39,75.45,0
38.84,61.48,21.6,403.68,76.52,78.49,0
39.97,89.9,10.46,439.37,94.22,54.85,1
37.86,58.54,22.55,445.46,66.35,77.64,0
39.06,59.44,23.1,414.48,70.94,68.91,0
40.69,92.98,9.88,439.54,77.5,32.93,1
38.93,69.49,20.09,431.31,59.02,93.34,0
39.09,76.11,11.6,443.89,94.5,33.07,1
38.59,82.08,22.57,507.83,71.54,65.59,0
38.31,55.77,20.89,523.63,57.63,79.3,0
40.18,68.35,9.97,364.99,84.72,40.22,1
39.37,78.08,10.67,356.63,88.16,36.86,1
39.12,72.12,15.29,376.02,75.09,25.09,1
39.77,69.62,11.49,415.16,88.37,47.47,1
39.01,66.76,12.34,435.55,93.89,41.0,1
37.97,49.07,29.53,463.72,72.05,80.28,0
39.89,56.38,15.97,430.73,71.63,32.91,1
39.6,73.67,8.25,344.04,98.0,5.0,1
38.2,63.43,20.54,489.72,73.2,78.52,0
38.96,77.06,8.42,442.61,88.5,44.97,1
39.07,49.23,23.1,530.71,63.62,75.18,0
39.9,65.47,16.44,385.31,80.45,28.39,1
38.53,64.06,26.37,432.64,69.99,85.96,0
39.17,44.95,22.47,515.68,64.83,89.37,0
38.44,56.56,22.53,451.24,67.71,69.95,0
38.52,71.12,23.65,491.24,72.14,78.84,0
38.87,64.49,21.61,440.61,57.03,65.96,0
39.8,83.67,4.61,461.19,89.89,43.12,1
38.64,73.29,20.98,513.57,61.83,84.37,0
39.2,70.13,15.32,440.59,82.18,42.5,1
39.14,79.58,12.15,406.3,78.11,39.41,1
40.09,81.27,15.18,434.13,84.67,49.13,1
40.43,84.23,11.37,394.66,82.97,32.29,1
40.51,81.43,14.59,410.78,78.28,58.36,1
39.54,85.12,11.1,387.49,79.62,21.15,1
39.41,86.46,12.12,406.42,85.85,51.11,1
40.78,52.91,8.44,420.45,84.44,52.88,1
38.49,71.3,17.45,510.64,63.79,73.97,0
40.39,57.9,1.23,373.67,83.07,55.8,1
38.98,64.01,24.04,448.36,74.14,69.78,0
40.2,80.32,3.85,425.55,84.82,19.94,1
39.75,78.79,10.83,447.31,79.68,7.25,1
39.41,94.64,11.04,412.96,95.07,59.65,1
39.29,77.21,12.61,462.55,87.85,36.03,1
40.67,85.41,6.02,491.96,87.69,27.84,1
39.89,98.77,16.35,436.89,93.84,30.36,1
38.28,46.01,20.41,468.33,64.26,53.34,0
39.31,66.32,4.32,426.59,75.15,40.23,1
40.19,75.12,10.53,337.11,111.32,40.06,1
40.07,90.15,11.32,436.04,89.93,45.61,1
40.34,100.0,11.68,483.25,75.73,47.24,1
38.38,65.05,24.66,501.93,65.05,70.77,0
38.41,67.76,23.28,499.72,69.6,83.85,0
39.53,88.56,9.88,517.45,88.11,19.85,1
39.59,89.36,3.27,497.07,93.05,25.29,1
39.18,61.14,16.39,461.42,67.29,72.68,0
39.61,77.98,9.61,370.06,80.13,22.84,1
40.98,72.71,13.92,464.45,71.62,36.3,1
38.84,57.44,26.35,512.36,71.49,90.3,0
38.45,71.29,23.35,496.79,67.9,86.64,0
38.44,67.63,23.36,455.57,68.54,71.85,0
40.41,77.62,12.94,490.11,81.08,37.04,1
39.42,39.63,13.06,462.02,96.89,38.09,1
38.67,67.22,11.22,326.75,96.35,36.22,1
38.65,65.07,8.0,434.17,81.6,54.85,1
39.64,84.19,12.22,413.98,72.76,35.17,1
40.23,72.62,9.4,438.91,75.11,36.34,1
39.49,97.74,4.95,400.05,98.78,34.29,1
39.83,90.64,15.92,432.77,79.78,18.45,1
38.57,76.75,13.98,444.65,73.92,28.6,1
40.2,66.95,6.93,500.18,81.72,32.46,1
40.59,87.26,8.87,399.4,95.1,48.81,1
40.16,74.23,6.72,360.86,94.0,40.89,1
38.91,93.92,8.93,505.84,88.71,47.59,1
39.8,64.88,5.57,425.6,90.92,5.0,1
39.41,80.47,8.47,455.96,83.13,12.6,1
38.92,68.56,16.36,425.7,59.29,86.19,0
38.39,51.78,15.85,418.28,66.89,89.39,0
39.33,67.06,27.97,537.68,69.09,81.98,0
39.58,71.84,9.58,457.8,77.57,41.25,1
38.3,58.9,24.8,501.06,59.84,74.13,0
38.05,72.92,22.42,419.52,70.25,77.14,0
38.81,59.7,19.46,492.28,56.75,66.94,0
39.27,67.1,20.4,478.45,63.49,77.83,0
40.32,89.64,11.11,414.89,76.81,43.37,1
39.9,73.05,10.39,451.46,101.92,35.69,1
37.87,59.61,18.33,440.86,69.96,67.55,0
38.19,52.52,22.28,492.31,68.99,83.96,0
38.35,61.59,18.49,447.91,64.84,80.5,0
38.83,59.16,24.99,504.76,62.73,77.24,0
37.86,59.33,25.78,474.0,72.32,80.98,0
39.38,100.0,8.15,436.15,71.61,26.75,1
38.26,69.01,21.67,442.38,65.54,70.95,0
39.62,83.61,11.66,464.75,68.28,41.83,1
39.82,78.06,9.95,374.15,97.15,36.78,1
38.2,50.57,13.76,532.45,76.09,80.63,0
41.19,99.48,12.99,391.98,87.24,60.74,1
37.91,59.21,24.44,467.4,67.95,80.91,0
38.71,57.13,20.18,461.85,68.17,91.39,0
38.37,47.18,18.83,406.55,63.36,86.77,0
39.71,69.19,11.89,393.37,82.32,43.8,1
38.25,62.15,21.7,557.93,74.12,62.46,0
39.22,59.17,25.52,526.51,60.61,77.05,0
40.4,84.76,0.05,442.31,85.44,32.92,1
40.58,73.68,9.48,407.35,77.0,47.03,1
39.6,67.96,15.5,444.5,69.23,32.89,1
38.7,62.4,14.54,441.7,59.27,100.0,0
39.78,68.72,7.87,379.46,81.93,45.62,1
38.59,56.74,18.14,399.31,61.86,56.71,0
38.71,48.63,20.19,481.39,73.24,71.8,0
37.97,63.49,20.76,400.98,70.78,62.28,0
38.07,62.81,17.39,513.59,73.62,73.4,0
38.43,67.72,21.35,492.93,80.49,78.27,0
39.04,76.46,16.64,467.19,66.32,64.72,0
38.49,58.42,20.83,458.97,73.44,92.08,0
39.53,70.3,9.0,390.92,73.67,28.29,1
39.53,76.17,12.88,436.83,79.58,53.65,1
38.75,45.07,23.33,523.84,68.8,65.74,0
39.24,97.36,9.13,468.48,79.05,58.91,1
38.4,55.61,20.24,456.4,63.75,68.17,0
40.44,80.02,9.82,357.36,88.3,64.37,1
38.61,72.9,18.14,511.91,64.18,65.19,0
39.18,87.28,9.88,432.74,77.52,19.15,1
38.76,51.11,18.54,437.19,68.15,83.93,0
39.15,74.14,5.61,378.93,97.37,51.92,1
38.43,52.64,24.22,521.45,64.94,84.58,0
38.7,55.26,18.65,518.92,68.18,74.59,0
38.5,62.14,24.37,517.33,71.35,76.86,0
38.33,44.85,19.14,474.99,70.09,68.09,0
39.99,70.58,11.92,381.54,95.26,57.69,1
39.17,79.69,15.66,388.26,80.17,70.28,1
38.07,60.98,21.76,371.82,73.8,74.34,0
37.94,65.08,20.29,534.04,72.29,78.51,0
38.69,56.1,21.76,414.75,69.04,67.51,0
38.49,67.1,25.27,467.39,56.88,72.84,0
38.47,65.75,24.5,457.96,67.74,66.4,0
38.75,63.26,23.55,448.94,68.08,73.69,0
38.64,51.62,16.37,424.46,65.88,70.58,0
38.13,61.19,20.75,511.73,65.7,68.58,0
38.66,72.09,18.23,505.06,65.65,78.19,0
38.8,56.97,27.25,460.12,63.97,82.63,0
38.31,59.47,22.62,366.5,68.88,68.17,0
38.21,62.46,22.89,471.9,61.82,77.33,0
39.52,69.49,8.71,455.81,65.77,23.27,1
39.0,73.64,12.55,432.26,88.25,17.61,1
39.38,54.12,21.81,502.72,67.38,82.25,0
38.61,47.79,24.27,485.72,68.42,86.59,0
38.97,56.59,23.18,459.29,65.43,78.93,0
40.07,60.2,10.52,401.99,78.23,45.15,1
38.7,36.63,20.33,461.15,67.79,74.97,0
38.69,58.72,22.22,531.36,68.51,86.76,0
39.91,96.08,12.73,342.65,85.26,25.33,1
37.94,47.82,15.43,506.88,68.17,79.38,0
38.91,66.27,26.59,448.15,64.31,76.1,0
39.5,88.27,10.62,384.98,74.23,39.31,1
38.48,53.07,20.99,567.85,76.84,67.51,0
38.24,65.47,23.04,470.56,64.42,67.99,0
39.52,85.23,11.19,422.86,91.56,60.62,1
37.83,64.1,19.84,455.69,69.12,72.21,0
38.95,85.96,9.62,446.6,67.11,47.48,1
38.83,61.35,24.61,527.71,67.62,76.44,0
40.22,90.75,10.46,472.27,83.86,39.73,1
37.81,57.64,25.05,507.71,69.54,78.83,0
38.57,52.29,28.37,491.16,63.01,77.52,0
38.36,65.44,22.53,508.74,65.17,76.89,0
38.53,66.97,24.3,475.46,60.52,82.66,0
38.18,53.52,23.44,438.01,68.08,75.58,0
38.47,72.49,21.39,444.59,68.35,84.34,0
38.46,65.16,19.92,527.82,71.73,88.34,0
38.19,60.46,19.8,464.69,57.48,75.1,0
38.58,66.03,24.14,512.8,66.73,71.37,0
37.88,65.43,24.93,507.71,59.91,81.41,0
38.49,58.88,22.24,424.22,69.8,72.59,0
38.37,55.74,23.03,426.69,71.64,71.44,0
39.63,82.1,7.64,448.8,103.31,46.95,1
38.48,56.22,26.97,466.54,60.49,81.88,0
40.24,73.65,12.44,342.04,77.45,43.6,1
38.22,76.05,26.29,520.07,66.27,80.43,0
38.94,67.45,11.45,414.28,74.13,31.65,1
38.24,56.51,24.52,525.84,63.93,74.72,0
39.38,79.54,8.67,486.81,73.26,49.31,1
39.81,64.71,11.3,421.54,78.07,47.76,1
39.42,87.44,8.38,370.75,76.5,39.72,1
38.18,57.64,20.46,488.25,62.33,66.97,0
40.0,72.86,6.11,398.84,65.87,39.13,1
37.91,58.45,27.35,504.36,55.23,76.43,0
40.5,66.79,9.35,415.79,87.21,38.55,1
38.55,63.56,23.88,519.84,69.45,78.95,0
38.39,54.7,17.84,486.32,67.47,72.62,0
38.72,64.29,23.86,415.99,65.73,66.22,0
38.81,64.63,22.26,479.56,62.85,81.97,0
38.94,80.31,8.17,340.8,85.75,31.37,1
38.19,75.67,20.77,463.93,67.45,89.27,0
38.26,71.0,30.08,478.75,65.45,68.49,0
38.22,69.38,26.95,441.04,68.83,57.24,0
40.84,92.54,8.64,462.06,79.42,46.64,1
40.68,58.3,3.04,396.61,93.59,38.69,1
40.52,76.02,12.81,445.45,87.41,33.38,1
38.63,66.79,18.85,480.77,70.02,85.48,0
38.34,53.25,21.22,511.75,60.51,80.66,0
40.04,68.22,10.6,470.43,78.2,42.98,1
38.27,54.82,21.77,549.05,69.34,62.0,0
38.67,70.57,25.19,530.46,59.63,78.2,0
39.86,84.42,4.81,388.41,96.22,15.68,1
39.47,87.06,5.16,407.79,91.17,37.03,1
39.31,63.42,9.74,402.33,94.17,53.0,1
38.94,75.97,20.49,503.09,63.53,80.07,0
38.12,53.95,21.45,500.54,61.63,87.66,0
38.83,53.57,22.68,496.86,58.44,63.59,0
37.87,56.89,19.74,505.84,58.21,81.58,0
38.52,58.94,20.65,471.99,64.21,65.21,0
40.09,67.44,5.49,412.97,87.35,29.73,1
40.95,69.36,5.74,370.07,79.7,24.66,1
40.76,74.25,8.5,385.16,93.94,43.15,1
40.57,84.04,16.4,457.02,82.21,23.43,1
38.89,79.94,19.93,513.58,61.9,75.75,0
39.47,77.78,9.09,434.64,83.48,41.17,1
38.56,51.43,19.16,523.07,64.27,65.99,0
38.98,58.03,25.67,462.69,67.05,74.83,0
39.5,76.86,15.97,340.18,101.29,55.04,1
38.21,68.99,17.6,385.13,64.66,81.98,0
38.45,69.39,21.35,451.61,59.54,67.49,0
37.73,67.16,19.25,495.83,63.98,83.75,0
38.51,59.03,15.7,476.33,70.6,80.73,0
38.8,75.21,16.28,489.75,62.06,64.68,0
39.25,57.06,18.11,458.07,69.07,63.62,0
39.16,89.63,11.22,447.67,85.87,34.36,1
38.83,59.78,19.01,440.99,63.3,84.09,0
38.48,54.44,22.04,425.72,71.93,69.91,0
39.09,50.5,25.14,425.09,67.21,77.0,0
37.42,70.13,25.48,486.57,61.25,79.42,0
40.19,89.43,6.11,398.47,82.75,49.22,1
39.32,71.59,16.13,467.78,83.17,54.22,1
39.16,69.7,16.48,458.61,70.65,71.92,0
38.91,78.57,12.28,450.97,62.09,47.15,1
38.13,52.21,15.92,390.78,72.32,68.99,0
39.85,87.26,6.61,402.78,96.58,49.71,1
39.29,81.96,6.24,484.51,82.41,46.77,1
39.51,66.2,16.66,440.06,83.01,52.45,1
38.85,60.6,20.41,469.25,68.31,73.45,0
40.39,83.41,10.29,351.38,80.91,9.37,1
38.4,53.52,21.83,461.69,68.67,70.87,0
38.68,57.46,15.61,494.41,66.34,89.45,0
37.89,53.97,21.81,532.13,79.96,85.23,0
40.06,63.79,5.21,488.23,80.33,22.94,1
37.74,76.72,18.93,471.14,61.49,75.2,0
38.43,57.64,23.74,448.3,76.0,68.41,0
39.69,88.33,8.0,462.6,64.16,34.79,1
39.62,74.94,13.75,395.42,67.95,49.0,1
38.61,68.86,20.39,525.84,66.64,87.41,0
38.37,69.55,20.92,538.84,71.36,68.76,0
39.16,72.92,21.91,462.16,65.95,60.36,0
40.2,79.23,9.32,366.32,100.8,46.66,1
38.17,56.19,19.36,433.72,73.05,76.21,0
38.2,59.77,19.86,416.71,70.34,79.15,0
39.35,61.93,23.53,531.84,69.71,96.1,0
38.41,62.48,25.51,494.06,67.08,78.19,0
38.76,84.04,18.96,397.65,73.28,31.31,1
38.02,69.12,22.58,470.52,78.11,75.99,0
38.1,60.26,22.21,590.21,75.95,75.34,0
38.58,59.03,23.05,518.0,68.21,82.28,0
38.95,55.07,21.5,467.98,62.79,60.97,0
40.14,91.45,10.26,438.31,83.05,53.34,1
38.56,65.54,20.94,396.72,58.22,85.14,0
38.38,61.71,19.97,513.88,69.1,73.99,0
39.77,68.13,15.39,472.59,73.09,55.32,1
40.08,85.69,13.64,433.05,69.82,58.4,1
38.3,56.34,23.67,384.39,65.96,73.68,0
39.22,69.07,20.75,488.93,63.01,69.97,0
41.22,80.81,10.09,477.13,80.65,46.09,1
40.34,85.57,0.0,427.91,95.81,46.08,1
37.88,72.25,23.42,514.32,73.48,77.42,0
40.13,68.15,11.57,357.82,76.55,6.4,1
38.18,69.89,19.38,531.35,68.23,80.33,0
38.04,73.4,26.89,467.86,68.41,74.64,0
40.63,84.44,14.67,417.68,90.0,41.42,1
38.63,64.06,21.86,490.59,76.05,62.62,0
39.46,86.07,9.43,366.04,83.2,35.5,1
38.5,61.13,25.69,506.86,70.18,85.55,0
39.24,77.16,15.68,392.5,101.17,41.96,1
38.75,52.01,19.48,487.57,73.46,68.2,0
38.14,64.24,30.96,548.13,69.53,76.18,0
40.66,77.76,6.65,447.84,79.51,37.48,1
38.43,72.94,24.09,505.49,71.6,81.38,0
40.78,60.55,4.22,407.42,85.35,57.21,1
38.47,64.18,27.81,472.07,73.03,61.27,0
38.63,57.65,26.49,432.44,63.17,74.41,0
39.87,78.42,5.51,409.61,77.94,18.74,1
38.58,66.81,21.29,527.54,67.73,68.39,0
38.99,80.69,14.61,512.43,73.21,35.42,1
38.62,51.27,21.41,488.42,71.36,75.18,0
